ID;USED_NOW;STATUS;PHASE;TEXT;PRIMARY_LOCATION;ALL_LOCATIONS
0001;YES_OR_CONTEXT;USED_NOW_OR_CONTEXTUAL;01_BOOT_SPLASH;Fakta: tämä peli ei sisällä yhtään kiireetöntä hetkeä.;src/scenes/Preloader.ts:89;src/scenes/Preloader.ts:89
0002;YES_OR_CONTEXT;USED_NOW_OR_CONTEXTUAL;01_BOOT_SPLASH;Vinkki: jos paniikki nousee, paina silti eteenpäin.;src/scenes/Preloader.ts:90;src/scenes/Preloader.ts:90
0003;YES_OR_CONTEXT;USED_NOW_OR_CONTEXTUAL;01_BOOT_SPLASH;Muistutus: kahvi ei korvaa jarrutusta.;src/scenes/Preloader.ts:91;src/scenes/Preloader.ts:91
0004;YES_OR_CONTEXT;USED_NOW_OR_CONTEXTUAL;01_BOOT_SPLASH;Säävaroitus: paikallista draamaa ladulla.;src/scenes/Preloader.ts:92;src/scenes/Preloader.ts:92
0005;YES_OR_CONTEXT;USED_NOW_OR_CONTEXTUAL;01_BOOT_SPLASH;Päivän mantra: rauha, rytmi, raivo tarvittaessa.;src/scenes/Preloader.ts:93;src/scenes/Preloader.ts:93
0006;YES_OR_CONTEXT;USED_NOW_OR_CONTEXTUAL;01_BOOT_SPLASH;Konsepti - Kenneth Sipilä\nTuotanto - Mikko Antikainen;src/scenes/SplashScene.ts:29;src/scenes/SplashScene.ts:29
0007;YES_OR_CONTEXT;USED_NOW_OR_CONTEXTUAL;01_BOOT_SPLASH;Napauta ruutua ohittaaksesi;src/scenes/SplashScene.ts:41;src/scenes/SplashScene.ts:41
0008;YES_OR_CONTEXT;USED_NOW_OR_CONTEXTUAL;01_BOOT_SPLASH;esittää;src/scenes/UberIntroScene.ts:39;src/scenes/UberIntroScene.ts:39
0009;YES_OR_CONTEXT;USED_NOW_OR_CONTEXTUAL;02_TITLE_MENU;▶ NAPAUTA ALOITTAAKSESI ◀;src/scenes/TitleScreen.ts:29;src/scenes/TitleScreen.ts:29
0010;YES_OR_CONTEXT;USED_NOW_OR_CONTEXTUAL;02_TITLE_MENU;Taistele tiesi läpi Espoon latujen!;src/scenes/TitleScreen.ts:30;src/scenes/TitleScreen.ts:30
0011;YES_OR_CONTEXT;USED_NOW_OR_CONTEXTUAL;03_NAME_INPUT;Enter;src/scenes/NameInputScene.ts:277;src/scenes/NameInputScene.ts:277
0012;YES_OR_CONTEXT;USED_NOW_OR_CONTEXTUAL;03_NAME_INPUT;difficulty-${...};src/scenes/NameInputScene.ts:315;src/scenes/NameInputScene.ts:315
0013;YES_OR_CONTEXT;USED_NOW_OR_CONTEXTUAL;03_NAME_INPUT;HIIHTÄJÄ;src/scenes/NameInputScene.ts:347;src/managers/AuthManager.ts:245 | src/scenes/NameInputScene.ts:347
0014;YES_OR_CONTEXT;USED_NOW_OR_CONTEXTUAL;03_NAME_INPUT;HEMOHES;src/scenes/NameInputScene.ts:359;src/scenes/NameInputScene.ts:359
0015;YES_OR_CONTEXT;USED_NOW_OR_CONTEXTUAL;03_NAME_INPUT;🔱 GOD MODE ACTIVATED! Welcome, hemohes! 🔱;src/scenes/NameInputScene.ts:361;src/scenes/NameInputScene.ts:361
0016;YES_OR_CONTEXT;USED_NOW_OR_CONTEXTUAL;03_NAME_INPUT;KIIA;src/scenes/NameInputScene.ts:366;src/scenes/NameInputScene.ts:366
0017;YES_OR_CONTEXT;USED_NOW_OR_CONTEXTUAL;03_NAME_INPUT;💃🕺 SECRET LEVEL UNLOCKED! Welcome to ICE CLUB ARENA: PETER KANTELE! 🕺💃;src/scenes/NameInputScene.ts:368;src/scenes/NameInputScene.ts:368
0018;YES_OR_CONTEXT;USED_NOW_OR_CONTEXTUAL;04_TUTORIAL;OHITA TUTORIAALI;src/scenes/TutorialUIScene.ts:73;src/scenes/TutorialUIScene.ts:73
0019;YES_OR_CONTEXT;USED_NOW_OR_CONTEXTUAL;04_TUTORIAL;TUTORIAALI;src/scenes/TutorialUIScene.ts:154;src/scenes/TutorialUIScene.ts:154
0020;YES_OR_CONTEXT;USED_NOW_OR_CONTEXTUAL;04_TUTORIAL;Tervetuloa Laturaivoamaan! Käydään läpi kosketusohjaus.;src/scenes/TutorialUIScene.ts:155;src/scenes/TutorialUIScene.ts:155
0021;YES_OR_CONTEXT;USED_NOW_OR_CONTEXTUAL;04_TUTORIAL;LIIKKUMINEN;src/scenes/TutorialUIScene.ts:161;src/scenes/TutorialUIScene.ts:161
0022;YES_OR_CONTEXT;USED_NOW_OR_CONTEXTUAL;04_TUTORIAL;HYPPÄÄMINEN;src/scenes/TutorialUIScene.ts:181;src/scenes/TutorialUIScene.ts:181
0023;YES_OR_CONTEXT;USED_NOW_OR_CONTEXTUAL;04_TUTORIAL;SAUVAISKU;src/scenes/TutorialUIScene.ts:199;src/scenes/TutorialUIScene.ts:199
0024;YES_OR_CONTEXT;USED_NOW_OR_CONTEXTUAL;04_TUTORIAL;VOLTTI;src/scenes/TutorialUIScene.ts:217;src/scenes/TutorialUIScene.ts:217 | src/scenes/UIScene.ts:2789
0025;YES_OR_CONTEXT;USED_NOW_OR_CONTEXTUAL;05_STORY;Espoossa asuu mies.\nKeski-ikäinen.\nVakituinen työ. Padottu mieli.\n\nHän ei huuda töissä.\nHän ei huuda kotona.\nHän huutaa ladulla.\n\nLatu on hänen purkautumispaikka.;src/scenes/StoryScene.ts:24;src/scenes/StoryScene.ts:24
0026;YES_OR_CONTEXT;USED_NOW_OR_CONTEXTUAL;05_STORY;Hän voittaa Marja-Liisan.\nHuuto voittaa järjen.\nHän ei pyydä anteeksi.\n\nEnsimmäistä kertaa\nraivo tuntuu tehokkaalta.;src/scenes/StoryScene.ts:38;src/scenes/StoryScene.ts:38
0027;YES_OR_CONTEXT;USED_NOW_OR_CONTEXTUAL;05_STORY;Tapiola.\nMies ei enää etsi rauhaa.\nHän etsii vastusta.\nHän lähtee Lahteen.;src/scenes/StoryScene.ts:50;src/scenes/StoryScene.ts:50
0028;YES_OR_CONTEXT;USED_NOW_OR_CONTEXTUAL;05_STORY;Hän kaataa legendan.\nEi voimalla,\nvaan itsepäisyydellä.\n\nJos Kuningas kaatuu,\nkuka tahansa voi.;src/scenes/StoryScene.ts:59;src/scenes/StoryScene.ts:59
0029;YES_OR_CONTEXT;USED_NOW_OR_CONTEXTUAL;05_STORY;Elon kaatuu.\nEi puhtaasti.\nEi kauniisti.\n\nMies tajuaa:\nReiluus on valinta.\nHän ei tee sitä.;src/scenes/StoryScene.ts:70;src/scenes/StoryScene.ts:70
0030;YES_OR_CONTEXT;USED_NOW_OR_CONTEXTUAL;05_STORY;haukilahti meri jäässä. mies myöskin. Mies lähtee turkuun, missä mikään ei toimi ja sehän suututtaa.;src/scenes/StoryScene.ts:83;src/scenes/StoryScene.ts:83
0031;YES_OR_CONTEXT;USED_NOW_OR_CONTEXTUAL;05_STORY;Otaniemi.\nAuto ladulla.\nSäännöt romahtavat.;src/scenes/StoryScene.ts:90;src/scenes/StoryScene.ts:90
0032;YES_OR_CONTEXT;USED_NOW_OR_CONTEXTUAL;05_STORY;Mies vaikenee.\nHiljaisuus sattuu enemmän.\n\nMies ymmärtää:\nhän ei tarvitse melua.\nHän on itse ääni.;src/scenes/StoryScene.ts:98;src/scenes/StoryScene.ts:98
0033;YES_OR_CONTEXT;USED_NOW_OR_CONTEXTUAL;05_STORY;Espoonlahti. Vi***taa jo valmiiksi, jytky ei auttanut.;src/scenes/StoryScene.ts:110;src/scenes/StoryScene.ts:110
0034;YES_OR_CONTEXT;USED_NOW_OR_CONTEXTUAL;05_STORY;Iso Timo kaatuu.\nMakkara putoaa lumeen.\nRaivo murtuu.\n\nMies ei voita raivolla Suomea.\nHän voittaa hetkeksi itsensä.\n\nLatu on tyhjä.\nRaivo on poissa.\nToistaiseksi.\n\nEnsi talveen.;src/scenes/StoryScene.ts:117;src/scenes/StoryScene.ts:117
0035;YES_OR_CONTEXT;USED_NOW_OR_CONTEXTUAL;05_STORY;NAPAUTA JATKAAKSESI;src/scenes/StoryScene.ts:156;src/scenes/StoryScene.ts:156
0036;YES_OR_CONTEXT;USED_NOW_OR_CONTEXTUAL;05_STORY;"Story key ""${...}"" not found, using intro";src/scenes/StoryScene.ts:187;src/scenes/StoryScene.ts:187
0037;YES_OR_CONTEXT;USED_NOW_OR_CONTEXTUAL;05_STORY;level_${...};src/scenes/StoryScene.ts:483;src/scenes/StoryScene.ts:483 | src/scenes/VictoryCutsceneScene.ts:544 | src/scenes/VictoryUIScene.ts:436
0038;YES_OR_CONTEXT;USED_NOW_OR_CONTEXTUAL;06_ABILITY_UNLOCK;KIRVES;src/scenes/AbilityUnlockUIScene.ts:23;src/scenes/AbilityUnlockUIScene.ts:23
0039;YES_OR_CONTEXT;USED_NOW_OR_CONTEXTUAL;06_ABILITY_UNLOCK;Voimakas kirves-isku! Tuhoaa viholliset laajalla alueella.;src/scenes/AbilityUnlockUIScene.ts:24;src/scenes/AbilityUnlockUIScene.ts:24
0040;YES_OR_CONTEXT;USED_NOW_OR_CONTEXTUAL;06_ABILITY_UNLOCK;LATURAIVO;src/scenes/AbilityUnlockUIScene.ts:30;src/scenes/AbilityUnlockUIScene.ts:30
0041;YES_OR_CONTEXT;USED_NOW_OR_CONTEXTUAL;06_ABILITY_UNLOCK;Täytä raivomittari ja tuhoa KAIKKI viholliset ruudulla!;src/scenes/AbilityUnlockUIScene.ts:31;src/scenes/AbilityUnlockUIScene.ts:31
0042;YES_OR_CONTEXT;USED_NOW_OR_CONTEXTUAL;06_ABILITY_UNLOCK;SYÖKSYISKU;src/scenes/AbilityUnlockUIScene.ts:37;src/scenes/AbilityUnlockUIScene.ts:37
0043;YES_OR_CONTEXT;USED_NOW_OR_CONTEXTUAL;06_ABILITY_UNLOCK;Parannettu kirves! Syöksy eteenpäin ja tuhoa kaikki tieltäsi!;src/scenes/AbilityUnlockUIScene.ts:38;src/scenes/AbilityUnlockUIScene.ts:38
0044;CONDITIONAL;CONDITIONAL;07_GAMEPLAY_CORE;RAIVO EI TOIMI BOSSIIN!;src/entities/Player.ts:660;src/entities/Player.ts:660
0045;CONDITIONAL;CONDITIONAL;07_GAMEPLAY_CORE;rage_scream_${...};src/entities/Player.ts:732;src/entities/Player.ts:732
0046;CONDITIONAL;CONDITIONAL;07_GAMEPLAY_CORE;animationcomplete-${...};src/entities/PlayerFSM.ts:270;src/entities/BossFSM.ts:164 | src/entities/BossFSM.ts:339 | src/entities/PlayerFSM.ts:270 | src/entities/PlayerFSM.ts:322 | src/entities/PlayerFSM.ts:390 | src/entities/PlayerFSM.ts:450 | src/entities/PlayerFSM.ts:500
0047;YES_OR_CONTEXT;USED_NOW_OR_CONTEXTUAL;07_GAMEPLAY_CORE;Pieni kuusi;src/scenes/GameScene.ts:166;src/scenes/GameScene.ts:166 | src/scenes/GameScene.ts:167
0048;YES_OR_CONTEXT;USED_NOW_OR_CONTEXTUAL;07_GAMEPLAY_CORE;Tapiolan rakennukset;src/scenes/GameScene.ts:168;src/scenes/GameScene.ts:168
0049;YES_OR_CONTEXT;USED_NOW_OR_CONTEXTUAL;07_GAMEPLAY_CORE;Lahden kaupunkikyltti;src/scenes/GameScene.ts:169;src/scenes/GameScene.ts:169
0050;YES_OR_CONTEXT;USED_NOW_OR_CONTEXTUAL;07_GAMEPLAY_CORE;Espoon kaupunkikyltti;src/scenes/GameScene.ts:170;src/scenes/GameScene.ts:170
0051;YES_OR_CONTEXT;USED_NOW_OR_CONTEXTUAL;07_GAMEPLAY_CORE;Haukilahden vesitorni;src/scenes/GameScene.ts:171;src/scenes/GameScene.ts:171
0052;YES_OR_CONTEXT;USED_NOW_OR_CONTEXTUAL;07_GAMEPLAY_CORE;Turun tuomiokirkko;src/scenes/GameScene.ts:172;src/scenes/GameScene.ts:172
0053;YES_OR_CONTEXT;USED_NOW_OR_CONTEXTUAL;07_GAMEPLAY_CORE;Haukilahden näkötorni;src/scenes/GameScene.ts:174;src/scenes/GameScene.ts:174
0054;YES_OR_CONTEXT;USED_NOW_OR_CONTEXTUAL;07_GAMEPLAY_CORE;Tapiolan päärakennus;src/scenes/GameScene.ts:175;src/scenes/GameScene.ts:175
0055;YES_OR_CONTEXT;USED_NOW_OR_CONTEXTUAL;07_GAMEPLAY_CORE;Lahden kyltti;src/scenes/GameScene.ts:192;src/scenes/GameScene.ts:192
0056;YES_OR_CONTEXT;USED_NOW_OR_CONTEXTUAL;07_GAMEPLAY_CORE;Lahden radiomasto;src/scenes/GameScene.ts:193;src/scenes/GameScene.ts:193
0057;YES_OR_CONTEXT;USED_NOW_OR_CONTEXTUAL;07_GAMEPLAY_CORE;Salpausselän mäkihyppytornit;src/scenes/GameScene.ts:194;src/scenes/GameScene.ts:194
0058;YES_OR_CONTEXT;USED_NOW_OR_CONTEXTUAL;07_GAMEPLAY_CORE;Mun lapset on Ranskan kielikylvyssä;src/scenes/GameScene.ts:318;src/scenes/GameScene.ts:318
0059;YES_OR_CONTEXT;USED_NOW_OR_CONTEXTUAL;07_GAMEPLAY_CORE;Tää on vähän niinku meidän kesämökki, paitsi TALOSSA;src/scenes/GameScene.ts:319;src/scenes/GameScene.ts:319
0060;YES_OR_CONTEXT;USED_NOW_OR_CONTEXTUAL;07_GAMEPLAY_CORE;Padel on elämäntapa, ei harrastus;src/scenes/GameScene.ts:320;src/scenes/GameScene.ts:320
0061;YES_OR_CONTEXT;USED_NOW_OR_CONTEXTUAL;07_GAMEPLAY_CORE;Autopilot ajaa mut töihin;src/scenes/GameScene.ts:321;src/scenes/GameScene.ts:321
0062;YES_OR_CONTEXT;USED_NOW_OR_CONTEXTUAL;07_GAMEPLAY_CORE;Anteeks, en kuule, mul on AirPods Max;src/scenes/GameScene.ts:322;src/scenes/GameScene.ts:322
0063;YES_OR_CONTEXT;USED_NOW_OR_CONTEXTUAL;07_GAMEPLAY_CORE;Mun PT sanoo et hiihto on niin 2010;src/scenes/GameScene.ts:323;src/scenes/GameScene.ts:323 | src/scenes/GameScene.ts:6107
0064;YES_OR_CONTEXT;USED_NOW_OR_CONTEXTUAL;07_GAMEPLAY_CORE;Asutaanko Espoossa? No siis Westendissä...;src/scenes/GameScene.ts:324;src/scenes/GameScene.ts:324
0065;YES_OR_CONTEXT;USED_NOW_OR_CONTEXTUAL;07_GAMEPLAY_CORE;Täällähän on KÖYHIÄ HIIHTÄMÄSSÄ?!;src/scenes/GameScene.ts:325;src/scenes/GameScene.ts:325
0066;YES_OR_CONTEXT;USED_NOW_OR_CONTEXTUAL;07_GAMEPLAY_CORE;Onks täällä gluteenitonta sushia?;src/scenes/GameScene.ts:326;src/scenes/GameScene.ts:326
0067;YES_OR_CONTEXT;USED_NOW_OR_CONTEXTUAL;07_GAMEPLAY_CORE;Pitäis ladata Tesla, ehkä hiihdän kotiin;src/scenes/GameScene.ts:327;src/scenes/GameScene.ts:327
0068;YES_OR_CONTEXT;USED_NOW_OR_CONTEXTUAL;07_GAMEPLAY_CORE;Ei ollu dopingia, vaan vitamiineja!;src/scenes/GameScene.ts:332;src/scenes/GameScene.ts:332 | src/scenes/GameScene.ts:6537
0069;YES_OR_CONTEXT;USED_NOW_OR_CONTEXTUAL;07_GAMEPLAY_CORE;Hemofarm? Mikä Hemofarm?;src/scenes/GameScene.ts:333;src/entities/LitmanenParody.ts:37 | src/scenes/GameScene.ts:333 | src/scenes/GameScene.ts:6365
0070;YES_OR_CONTEXT;USED_NOW_OR_CONTEXTUAL;07_GAMEPLAY_CORE;Lääkäri käski ottaa!;src/scenes/GameScene.ts:334;src/scenes/GameScene.ts:334 | src/scenes/GameScene.ts:6538
0071;YES_OR_CONTEXT;USED_NOW_OR_CONTEXTUAL;07_GAMEPLAY_CORE;Tää on salaliitto Suomea vastaan!;src/scenes/GameScene.ts:335;src/scenes/GameScene.ts:335 | src/scenes/GameScene.ts:6562
0072;YES_OR_CONTEXT;USED_NOW_OR_CONTEXTUAL;07_GAMEPLAY_CORE;Olin vaan flunssassa, rehellisesti!;src/scenes/GameScene.ts:336;src/scenes/GameScene.ts:336 | src/scenes/GameScene.ts:6539
0073;YES_OR_CONTEXT;USED_NOW_OR_CONTEXTUAL;07_GAMEPLAY_CORE;Kyllä ne kaikki käytti...;src/scenes/GameScene.ts:337;src/scenes/GameScene.ts:337
0074;YES_OR_CONTEXT;USED_NOW_OR_CONTEXTUAL;07_GAMEPLAY_CORE;Torvi on auki! Juomaan!;src/scenes/GameScene.ts:338;src/scenes/GameScene.ts:338 | src/scenes/GameScene.ts:6388
0075;YES_OR_CONTEXT;USED_NOW_OR_CONTEXTUAL;07_GAMEPLAY_CORE;Salpausselän kisat alkaa!;src/scenes/GameScene.ts:339;src/scenes/GameScene.ts:339
0076;YES_OR_CONTEXT;USED_NOW_OR_CONTEXTUAL;07_GAMEPLAY_CORE;Dopingtestaajat tulee!;src/scenes/GameScene.ts:340;src/scenes/GameScene.ts:340
0077;YES_OR_CONTEXT;USED_NOW_OR_CONTEXTUAL;07_GAMEPLAY_CORE;Salaiset lääkkeet taskussa...;src/scenes/GameScene.ts:341;src/scenes/GameScene.ts:341
0078;YES_OR_CONTEXT;USED_NOW_OR_CONTEXTUAL;07_GAMEPLAY_CORE;Lahden stadionilla mennyt monta kuppia!;src/scenes/GameScene.ts:342;src/scenes/GameScene.ts:342
0079;YES_OR_CONTEXT;USED_NOW_OR_CONTEXTUAL;07_GAMEPLAY_CORE;Radiomasto näkyy, ollaan lähellä!;src/scenes/GameScene.ts:343;src/scenes/GameScene.ts:343
0080;YES_OR_CONTEXT;USED_NOW_OR_CONTEXTUAL;07_GAMEPLAY_CORE;Täällä on aina dopinghuhuja...;src/scenes/GameScene.ts:344;src/scenes/GameScene.ts:344
0081;YES_OR_CONTEXT;USED_NOW_OR_CONTEXTUAL;07_GAMEPLAY_CORE;Mun ystävän kaveri käytti EPO:a!;src/scenes/GameScene.ts:345;src/scenes/GameScene.ts:345
0082;YES_OR_CONTEXT;USED_NOW_OR_CONTEXTUAL;07_GAMEPLAY_CORE;Voiko tätä ostaa Torvista?;src/scenes/GameScene.ts:346;src/scenes/GameScene.ts:346
0083;YES_OR_CONTEXT;USED_NOW_OR_CONTEXTUAL;07_GAMEPLAY_CORE;NAAPURI TEKI MELUILMOITUKSEN;src/scenes/GameScene.ts:1133;src/scenes/GameScene.ts:1133
0084;YES_OR_CONTEXT;USED_NOW_OR_CONTEXTUAL;07_GAMEPLAY_CORE;PULLA-COMBO! ILMAINEN SPECIAL VALMIS!;src/scenes/GameScene.ts:1177;src/scenes/GameScene.ts:1177
0085;YES_OR_CONTEXT;USED_NOW_OR_CONTEXTUAL;07_GAMEPLAY_CORE;Päivän mantra: pysy ladulla.;src/scenes/GameScene.ts:1209;src/scenes/GameScene.ts:1209
0086;YES_OR_CONTEXT;USED_NOW_OR_CONTEXTUAL;07_GAMEPLAY_CORE;Kommentaattori: jatketaan.;src/scenes/GameScene.ts:1231;src/scenes/GameScene.ts:1231
0087;YES_OR_CONTEXT;USED_NOW_OR_CONTEXTUAL;07_GAMEPLAY_CORE;MINITAPAHTUMA: LIUKAS SUOJATIE!;src/scenes/GameScene.ts:1265;src/scenes/GameScene.ts:1265
0088;YES_OR_CONTEXT;USED_NOW_OR_CONTEXTUAL;07_GAMEPLAY_CORE;HÄTÄTILA: SAUNAVUORO ALKAA!;src/scenes/GameScene.ts:1274;src/scenes/GameScene.ts:1274
0089;YES_OR_CONTEXT;USED_NOW_OR_CONTEXTUAL;07_GAMEPLAY_CORE;ILMAINEN ÄMPÄRI! VIHUT HÄMÄÄNTYVÄT!;src/scenes/GameScene.ts:1283;src/scenes/GameScene.ts:1283
0090;YES_OR_CONTEXT;USED_NOW_OR_CONTEXTUAL;07_GAMEPLAY_CORE;KAHVITAUKO: +ENERGIAA, -VAUHTIA;src/scenes/GameScene.ts:1300;src/scenes/GameScene.ts:1300
0091;YES_OR_CONTEXT;USED_NOW_OR_CONTEXTUAL;07_GAMEPLAY_CORE;MYÖHÄSSÄ TAAS!;src/scenes/GameScene.ts:1312;src/scenes/GameScene.ts:1312
0092;YES_OR_CONTEXT;USED_NOW_OR_CONTEXTUAL;07_GAMEPLAY_CORE;POWER-UPIT POISTETTU!;src/scenes/GameScene.ts:1727;src/scenes/GameScene.ts:1727
0093;YES_OR_CONTEXT;USED_NOW_OR_CONTEXTUAL;07_GAMEPLAY_CORE;clubhouse_level_${...};src/scenes/GameScene.ts:1788;src/scenes/GameScene.ts:1788 | src/scenes/VictoryCutsceneScene.ts:49
0094;YES_OR_CONTEXT;USED_NOW_OR_CONTEXTUAL;07_GAMEPLAY_CORE;Background ${...} not found, using fallback;src/scenes/GameScene.ts:1803;src/scenes/GameScene.ts:1803
0095;YES_OR_CONTEXT;USED_NOW_OR_CONTEXTUAL;07_GAMEPLAY_CORE;Lahti landmark texture ${...} not found, skipping;src/scenes/GameScene.ts:2007;src/scenes/GameScene.ts:2007
0096;YES_OR_CONTEXT;USED_NOW_OR_CONTEXTUAL;07_GAMEPLAY_CORE;Decoration texture ${...} not found, using fallback;src/scenes/GameScene.ts:2060;src/scenes/GameScene.ts:2060
0097;YES_OR_CONTEXT;USED_NOW_OR_CONTEXTUAL;07_GAMEPLAY_CORE;20€ SETELI;src/scenes/GameScene.ts:3167;src/scenes/GameScene.ts:3167
0098;YES_OR_CONTEXT;USED_NOW_OR_CONTEXTUAL;07_GAMEPLAY_CORE;+50% NOPEUS;src/scenes/GameScene.ts:3168;src/scenes/GameScene.ts:3168
0099;YES_OR_CONTEXT;USED_NOW_OR_CONTEXTUAL;07_GAMEPLAY_CORE;EI TOIMI BOSSILLA!;src/scenes/GameScene.ts:3179;src/scenes/GameScene.ts:3179 | src/scenes/GameScene.ts:3209 | src/scenes/GameScene.ts:3286 | src/scenes/GameScene.ts:3309
0100;YES_OR_CONTEXT;USED_NOW_OR_CONTEXTUAL;07_GAMEPLAY_CORE;50€ SETELI;src/scenes/GameScene.ts:3197;src/scenes/GameScene.ts:3197
0101;YES_OR_CONTEXT;USED_NOW_OR_CONTEXTUAL;07_GAMEPLAY_CORE;SUOJA + TÖRMÄYSVAHINKO;src/scenes/GameScene.ts:3198;src/scenes/GameScene.ts:3198
0102;YES_OR_CONTEXT;USED_NOW_OR_CONTEXTUAL;07_GAMEPLAY_CORE;100€ SETELI;src/scenes/GameScene.ts:3226;src/scenes/GameScene.ts:3226
0103;YES_OR_CONTEXT;USED_NOW_OR_CONTEXTUAL;07_GAMEPLAY_CORE;+${...} HP, +${...} ENERGIA;src/scenes/GameScene.ts:3227;src/scenes/GameScene.ts:3227
0104;YES_OR_CONTEXT;USED_NOW_OR_CONTEXTUAL;07_GAMEPLAY_CORE;500€ SETELI;src/scenes/GameScene.ts:3245;src/scenes/GameScene.ts:3245
0105;YES_OR_CONTEXT;USED_NOW_OR_CONTEXTUAL;07_GAMEPLAY_CORE;+1 ELÄMÄ;src/scenes/GameScene.ts:3246;src/scenes/GameScene.ts:3246
0106;YES_OR_CONTEXT;USED_NOW_OR_CONTEXTUAL;07_GAMEPLAY_CORE;💉 PIIKKI;src/scenes/GameScene.ts:3278;src/scenes/GameScene.ts:3278
0107;YES_OR_CONTEXT;USED_NOW_OR_CONTEXTUAL;07_GAMEPLAY_CORE;🥤 COCA-COLA;src/scenes/GameScene.ts:3301;src/scenes/GameScene.ts:3301
0108;YES_OR_CONTEXT;USED_NOW_OR_CONTEXTUAL;07_GAMEPLAY_CORE;🧳 LÄÄKÄRILAUKKU;src/scenes/GameScene.ts:3323;src/scenes/GameScene.ts:3323
0109;YES_OR_CONTEXT;USED_NOW_OR_CONTEXTUAL;07_GAMEPLAY_CORE;☢️ HAPPOSADE! Nuuksio saastunut!;src/scenes/GameScene.ts:3538;src/scenes/GameScene.ts:3538
0110;YES_OR_CONTEXT;USED_NOW_OR_CONTEXTUAL;07_GAMEPLAY_CORE;☢️ HAPPO!;src/scenes/GameScene.ts:3626;src/scenes/GameScene.ts:3626
0111;YES_OR_CONTEXT;USED_NOW_OR_CONTEXTUAL;07_GAMEPLAY_CORE;☢️☢️ VOIMAKAS HAPPOSADE! ☢️☢️;src/scenes/GameScene.ts:3837;src/scenes/GameScene.ts:3837
0112;YES_OR_CONTEXT;USED_NOW_OR_CONTEXTUAL;07_GAMEPLAY_CORE;☢️ Happosade heikkenee...;src/scenes/GameScene.ts:3872;src/scenes/GameScene.ts:3872 | src/scenes/GameScene.ts:3951
0113;YES_OR_CONTEXT;USED_NOW_OR_CONTEXTUAL;07_GAMEPLAY_CORE;☀️ SÄÄ SELKENEE;src/scenes/GameScene.ts:3957;src/scenes/GameScene.ts:3957
0114;YES_OR_CONTEXT;USED_NOW_OR_CONTEXTUAL;07_GAMEPLAY_CORE;❄️ LUMIMYRSKY!;src/scenes/GameScene.ts:3970;src/scenes/GameScene.ts:3970
0115;YES_OR_CONTEXT;USED_NOW_OR_CONTEXTUAL;07_GAMEPLAY_CORE;🌧️ RÄNTÄSADE! Latu sohjoinen!;src/scenes/GameScene.ts:4002;src/scenes/GameScene.ts:4002
0116;YES_OR_CONTEXT;USED_NOW_OR_CONTEXTUAL;07_GAMEPLAY_CORE;🌨️ LUMIPYRY! Näkyvyys heikko!;src/scenes/GameScene.ts:4075;src/scenes/GameScene.ts:4075
0117;YES_OR_CONTEXT;USED_NOW_OR_CONTEXTUAL;07_GAMEPLAY_CORE;🧊 MUSTA JÄÄ! Liukasta!;src/scenes/GameScene.ts:4115;src/scenes/GameScene.ts:4115
0118;YES_OR_CONTEXT;USED_NOW_OR_CONTEXTUAL;07_GAMEPLAY_CORE;☀️ HÄIKÄISEE!;src/scenes/GameScene.ts:4165;src/scenes/GameScene.ts:4165
0119;YES_OR_CONTEXT;USED_NOW_OR_CONTEXTUAL;07_GAMEPLAY_CORE;🥶 PAKKASAALTO! -30°C;src/scenes/GameScene.ts:4218;src/scenes/GameScene.ts:4218
0120;YES_OR_CONTEXT;USED_NOW_OR_CONTEXTUAL;07_GAMEPLAY_CORE;KIMPO! 3x MAX;src/scenes/GameScene.ts:4386;src/scenes/GameScene.ts:4386
0121;YES_OR_CONTEXT;USED_NOW_OR_CONTEXTUAL;07_GAMEPLAY_CORE;STOMP x${...}!${...};src/scenes/GameScene.ts:4476;src/scenes/GameScene.ts:4476
0122;YES_OR_CONTEXT;USED_NOW_OR_CONTEXTUAL;07_GAMEPLAY_CORE;STOMP!;src/scenes/GameScene.ts:4477;src/scenes/GameScene.ts:4477
0123;YES_OR_CONTEXT;USED_NOW_OR_CONTEXTUAL;07_GAMEPLAY_CORE;Tyypillinen espoolainen uhka;src/scenes/GameScene.ts:4688;src/scenes/GameScene.ts:4688
0124;YES_OR_CONTEXT;USED_NOW_OR_CONTEXTUAL;07_GAMEPLAY_CORE;Päivän tekosyy: latu oli vino.;src/scenes/GameScene.ts:4944;src/scenes/GameScene.ts:4944
0125;YES_OR_CONTEXT;USED_NOW_OR_CONTEXTUAL;07_GAMEPLAY_CORE;BOSSI RAIVOSTUU!;src/scenes/GameScene.ts:5700;src/scenes/GameScene.ts:5700
0126;YES_OR_CONTEXT;USED_NOW_OR_CONTEXTUAL;07_GAMEPLAY_CORE;Energia x2!;src/scenes/GameScene.ts:5729;src/scenes/GameScene.ts:5729
0127;YES_OR_CONTEXT;USED_NOW_OR_CONTEXTUAL;07_GAMEPLAY_CORE;Dj Lussu - Jytky (Bass Ventura Tilipaiva REMIX);src/scenes/GameScene.ts:5808;src/scenes/GameScene.ts:5808
0128;YES_OR_CONTEXT;USED_NOW_OR_CONTEXTUAL;07_GAMEPLAY_CORE;LATU ON AUTOILLE!;src/scenes/GameScene.ts:5914;src/scenes/GameScene.ts:5914
0129;YES_OR_CONTEXT;USED_NOW_OR_CONTEXTUAL;07_GAMEPLAY_CORE;PADEL ON PARAS URHEILU IKINÄ!;src/scenes/GameScene.ts:5931;src/scenes/GameScene.ts:5931
0130;YES_OR_CONTEXT;USED_NOW_OR_CONTEXTUAL;07_GAMEPLAY_CORE;Tennistä? LOL, se on NIIN vanhaa;src/scenes/GameScene.ts:5932;src/scenes/GameScene.ts:5932
0131;YES_OR_CONTEXT;USED_NOW_OR_CONTEXTUAL;07_GAMEPLAY_CORE;Meillä on privaattikenttä kotona;src/scenes/GameScene.ts:5933;src/scenes/GameScene.ts:5933
0132;YES_OR_CONTEXT;USED_NOW_OR_CONTEXTUAL;07_GAMEPLAY_CORE;Padel on Espoon golf;src/scenes/GameScene.ts:5934;src/scenes/GameScene.ts:5934
0133;YES_OR_CONTEXT;USED_NOW_OR_CONTEXTUAL;07_GAMEPLAY_CORE;Maksettiin vaan 1,2 miljoonaa!;src/scenes/GameScene.ts:5953;src/scenes/GameScene.ts:5953
0134;YES_OR_CONTEXT;USED_NOW_OR_CONTEXTUAL;07_GAMEPLAY_CORE;Neliöhinta on aika edullinen, vain 8000€;src/scenes/GameScene.ts:5954;src/scenes/GameScene.ts:5954
0135;YES_OR_CONTEXT;USED_NOW_OR_CONTEXTUAL;07_GAMEPLAY_CORE;Se on vähän niinku kesämökki, paitsi TALOSSA;src/scenes/GameScene.ts:5955;src/scenes/GameScene.ts:5955
0136;YES_OR_CONTEXT;USED_NOW_OR_CONTEXTUAL;07_GAMEPLAY_CORE;Naapurimme maksoi 2 miljoonaa, HUHHUH!;src/scenes/GameScene.ts:5956;src/scenes/GameScene.ts:5956
0137;YES_OR_CONTEXT;USED_NOW_OR_CONTEXTUAL;07_GAMEPLAY_CORE;Meidän takapihalta näkee merelle... joskus;src/scenes/GameScene.ts:5957;src/scenes/GameScene.ts:5957
0138;YES_OR_CONTEXT;USED_NOW_OR_CONTEXTUAL;07_GAMEPLAY_CORE;Anteeks en kuule, AirPods Max;src/scenes/GameScene.ts:5976;src/scenes/GameScene.ts:5976
0139;YES_OR_CONTEXT;USED_NOW_OR_CONTEXTUAL;07_GAMEPLAY_CORE;*ei reagoi mihinkään*;src/scenes/GameScene.ts:5977;src/scenes/GameScene.ts:5977
0140;YES_OR_CONTEXT;USED_NOW_OR_CONTEXTUAL;07_GAMEPLAY_CORE;Hmmm? Sanoitko jotain?;src/scenes/GameScene.ts:5978;src/scenes/GameScene.ts:5978
0141;YES_OR_CONTEXT;USED_NOW_OR_CONTEXTUAL;07_GAMEPLAY_CORE;Podcasti on niin hyvä kohdassa...;src/scenes/GameScene.ts:5979;src/scenes/GameScene.ts:5979
0142;YES_OR_CONTEXT;USED_NOW_OR_CONTEXTUAL;07_GAMEPLAY_CORE;Onks täällä gluteenitonta kahvia?!;src/scenes/GameScene.ts:6000;src/scenes/GameScene.ts:6000
0143;YES_OR_CONTEXT;USED_NOW_OR_CONTEXTUAL;07_GAMEPLAY_CORE;Mun nutritionisti kieltää hiilihydraatit;src/scenes/GameScene.ts:6001;src/scenes/GameScene.ts:6001
0144;YES_OR_CONTEXT;USED_NOW_OR_CONTEXTUAL;07_GAMEPLAY_CORE;Tää on KETO-latu vai?;src/scenes/GameScene.ts:6002;src/scenes/GameScene.ts:6002
0145;YES_OR_CONTEXT;USED_NOW_OR_CONTEXTUAL;07_GAMEPLAY_CORE;Missä on OATLY-kojut?!;src/scenes/GameScene.ts:6003;src/scenes/GameScene.ts:6003
0146;YES_OR_CONTEXT;USED_NOW_OR_CONTEXTUAL;07_GAMEPLAY_CORE;En voi hiihtää ilman proteiinismoothieta;src/scenes/GameScene.ts:6004;src/scenes/GameScene.ts:6004
0147;YES_OR_CONTEXT;USED_NOW_OR_CONTEXTUAL;07_GAMEPLAY_CORE;Meidän lapset on Ranskan kielikylvyssä;src/scenes/GameScene.ts:6020;src/scenes/GameScene.ts:6020
0148;YES_OR_CONTEXT;USED_NOW_OR_CONTEXTUAL;07_GAMEPLAY_CORE;Aino-Sofia puhuu jo kolmea kieltä, HÄN ON 4!;src/scenes/GameScene.ts:6021;src/scenes/GameScene.ts:6021
0149;YES_OR_CONTEXT;USED_NOW_OR_CONTEXTUAL;07_GAMEPLAY_CORE;Onni-Matias on ihan normaali nero;src/scenes/GameScene.ts:6022;src/scenes/GameScene.ts:6022
0150;YES_OR_CONTEXT;USED_NOW_OR_CONTEXTUAL;07_GAMEPLAY_CORE;Bilingual daycare maksaa vaan 2000€/kk;src/scenes/GameScene.ts:6023;src/scenes/GameScene.ts:6023
0151;YES_OR_CONTEXT;USED_NOW_OR_CONTEXTUAL;07_GAMEPLAY_CORE;IB-koulu oli SELVÄ valinta;src/scenes/GameScene.ts:6024;src/scenes/GameScene.ts:6024
0152;YES_OR_CONTEXT;USED_NOW_OR_CONTEXTUAL;07_GAMEPLAY_CORE;AUTOPILOT CALCULATIONS... ERROR;src/scenes/GameScene.ts:6063;src/scenes/GameScene.ts:6063
0153;YES_OR_CONTEXT;USED_NOW_OR_CONTEXTUAL;07_GAMEPLAY_CORE;Eikun tää toimii, mä vannoin!;src/scenes/GameScene.ts:6072;src/scenes/GameScene.ts:6072
0154;YES_OR_CONTEXT;USED_NOW_OR_CONTEXTUAL;07_GAMEPLAY_CORE;Nää on Fischer Carbonlite, 1200€;src/scenes/GameScene.ts:6082;src/scenes/GameScene.ts:6082
0155;YES_OR_CONTEXT;USED_NOW_OR_CONTEXTUAL;07_GAMEPLAY_CORE;Mun sukset maksoi enemmän ku sun auto;src/scenes/GameScene.ts:6083;src/scenes/GameScene.ts:6083
0156;YES_OR_CONTEXT;USED_NOW_OR_CONTEXTUAL;07_GAMEPLAY_CORE;Tää takki on Arc'teryx, ei mikään Halti;src/scenes/GameScene.ts:6084;src/scenes/GameScene.ts:6084
0157;YES_OR_CONTEXT;USED_NOW_OR_CONTEXTUAL;07_GAMEPLAY_CORE;Nää on Swix-hanskat, KILPASARJA;src/scenes/GameScene.ts:6085;src/scenes/GameScene.ts:6085
0158;YES_OR_CONTEXT;USED_NOW_OR_CONTEXTUAL;07_GAMEPLAY_CORE;Tää hiihtokellon maksoi 800€;src/scenes/GameScene.ts:6086;src/scenes/GameScene.ts:6086
0159;YES_OR_CONTEXT;USED_NOW_OR_CONTEXTUAL;07_GAMEPLAY_CORE;Mikset oo crossfitissä niinku normaalit?;src/scenes/GameScene.ts:6108;src/scenes/GameScene.ts:6108
0160;YES_OR_CONTEXT;USED_NOW_OR_CONTEXTUAL;07_GAMEPLAY_CORE;Hiihto EI kehitä corea tarpeeks!;src/scenes/GameScene.ts:6109;src/scenes/GameScene.ts:6109
0161;YES_OR_CONTEXT;USED_NOW_OR_CONTEXTUAL;07_GAMEPLAY_CORE;Mun trainer suosittelee bikramia;src/scenes/GameScene.ts:6110;src/scenes/GameScene.ts:6110
0162;YES_OR_CONTEXT;USED_NOW_OR_CONTEXTUAL;07_GAMEPLAY_CORE;Hiihto? Missä on PROGRESSIVE OVERLOAD?;src/scenes/GameScene.ts:6111;src/scenes/GameScene.ts:6111
0163;YES_OR_CONTEXT;USED_NOW_OR_CONTEXTUAL;07_GAMEPLAY_CORE;Asutaanko Espoossa? No siis WESTENDISSÄ...;src/scenes/GameScene.ts:6130;src/scenes/GameScene.ts:6130
0164;YES_OR_CONTEXT;USED_NOW_OR_CONTEXTUAL;07_GAMEPLAY_CORE;Se on eri asia asua Westensissä kuin muualla;src/scenes/GameScene.ts:6131;src/scenes/GameScene.ts:6131
0165;YES_OR_CONTEXT;USED_NOW_OR_CONTEXTUAL;07_GAMEPLAY_CORE;Haukilahti on jo vähän... noh...;src/scenes/GameScene.ts:6132;src/scenes/GameScene.ts:6132
0166;YES_OR_CONTEXT;USED_NOW_OR_CONTEXTUAL;07_GAMEPLAY_CORE;Tapiola? Eli periaatteessa lähiö?;src/scenes/GameScene.ts:6133;src/scenes/GameScene.ts:6133
0167;YES_OR_CONTEXT;USED_NOW_OR_CONTEXTUAL;07_GAMEPLAY_CORE;Sanokaa Espoo jos haluatte, me sanotaan RANTA;src/scenes/GameScene.ts:6134;src/scenes/GameScene.ts:6134
0168;YES_OR_CONTEXT;USED_NOW_OR_CONTEXTUAL;07_GAMEPLAY_CORE;Ootkos miettiny cryptoo? Mä voin neuvoo;src/scenes/GameScene.ts:6156;src/scenes/GameScene.ts:6156
0169;YES_OR_CONTEXT;USED_NOW_OR_CONTEXTUAL;07_GAMEPLAY_CORE;BITCOIN ON TULEVAISUUS, sheeple!;src/scenes/GameScene.ts:6157;src/scenes/GameScene.ts:6157
0170;YES_OR_CONTEXT;USED_NOW_OR_CONTEXTUAL;07_GAMEPLAY_CORE;Mun portfolio on -80% mut se on STRATEGIA;src/scenes/GameScene.ts:6158;src/scenes/GameScene.ts:6158
0171;YES_OR_CONTEXT;USED_NOW_OR_CONTEXTUAL;07_GAMEPLAY_CORE;HODL! Tää on vaan market correction;src/scenes/GameScene.ts:6159;src/scenes/GameScene.ts:6159
0172;YES_OR_CONTEXT;USED_NOW_OR_CONTEXTUAL;07_GAMEPLAY_CORE;NFT-sukset tulee, mä tiedän sisäpiiriltä;src/scenes/GameScene.ts:6160;src/scenes/GameScene.ts:6160
0173;YES_OR_CONTEXT;USED_NOW_OR_CONTEXTUAL;07_GAMEPLAY_CORE;Fiat on kuolemassa, lue whitepaper!;src/scenes/GameScene.ts:6161;src/scenes/GameScene.ts:6161
0174;YES_OR_CONTEXT;USED_NOW_OR_CONTEXTUAL;07_GAMEPLAY_CORE;AINOA syy käydä Sellon puolella on LIDL;src/scenes/GameScene.ts:6179;src/scenes/GameScene.ts:6179
0175;YES_OR_CONTEXT;USED_NOW_OR_CONTEXTUAL;07_GAMEPLAY_CORE;Tapiola keskus on niin autio, rakastan sitä;src/scenes/GameScene.ts:6180;src/scenes/GameScene.ts:6180
0176;YES_OR_CONTEXT;USED_NOW_OR_CONTEXTUAL;07_GAMEPLAY_CORE;Stockalla oli ALE, ostin 400€ edestä;src/scenes/GameScene.ts:6181;src/scenes/GameScene.ts:6181
0177;YES_OR_CONTEXT;USED_NOW_OR_CONTEXTUAL;07_GAMEPLAY_CORE;Verkkokauppa.com on meidän pyhättö;src/scenes/GameScene.ts:6182;src/scenes/GameScene.ts:6182
0178;YES_OR_CONTEXT;USED_NOW_OR_CONTEXTUAL;07_GAMEPLAY_CORE;Emmäksen tunnen, käyn vaan Isossa Omenassa;src/scenes/GameScene.ts:6183;src/scenes/GameScene.ts:6183
0179;YES_OR_CONTEXT;USED_NOW_OR_CONTEXTUAL;07_GAMEPLAY_CORE;Mun startup sai just pre-seed fundingin;src/scenes/GameScene.ts:6199;src/scenes/GameScene.ts:6199
0180;YES_OR_CONTEXT;USED_NOW_OR_CONTEXTUAL;07_GAMEPLAY_CORE;Oon perustaja, CTO ja hallituksen pj;src/scenes/GameScene.ts:6200;src/scenes/GameScene.ts:6200
0181;YES_OR_CONTEXT;USED_NOW_OR_CONTEXTUAL;07_GAMEPLAY_CORE;Pivot-taanpa hiihdon AI-pohjaiseks!;src/scenes/GameScene.ts:6201;src/scenes/GameScene.ts:6201
0182;YES_OR_CONTEXT;USED_NOW_OR_CONTEXTUAL;07_GAMEPLAY_CORE;Series A tulee kohta, ehkä, toivottavasti;src/scenes/GameScene.ts:6202;src/scenes/GameScene.ts:6202
0183;YES_OR_CONTEXT;USED_NOW_OR_CONTEXTUAL;07_GAMEPLAY_CORE;Mä disruptoin hiihtoalaa, stealth-modessa;src/scenes/GameScene.ts:6203;src/scenes/GameScene.ts:6203
0184;YES_OR_CONTEXT;USED_NOW_OR_CONTEXTUAL;07_GAMEPLAY_CORE;Meidän valuation on 10 miljoonaa... melkein;src/scenes/GameScene.ts:6204;src/scenes/GameScene.ts:6204
0185;YES_OR_CONTEXT;USED_NOW_OR_CONTEXTUAL;07_GAMEPLAY_CORE;Parkkeeraan vaan 5 MINUUTTIA!;src/scenes/GameScene.ts:6220;src/scenes/GameScene.ts:6220
0186;YES_OR_CONTEXT;USED_NOW_OR_CONTEXTUAL;07_GAMEPLAY_CORE;Ei oo tilaa parkkiksella, sori!;src/scenes/GameScene.ts:6221;src/scenes/GameScene.ts:6221
0187;YES_OR_CONTEXT;USED_NOW_OR_CONTEXTUAL;07_GAMEPLAY_CORE;Tää X7 ei mahdu normaaleihin ruutuihin;src/scenes/GameScene.ts:6222;src/scenes/GameScene.ts:6222
0188;YES_OR_CONTEXT;USED_NOW_OR_CONTEXTUAL;07_GAMEPLAY_CORE;Mä oon vaan hakemassa lasta, RELAX!;src/scenes/GameScene.ts:6223;src/scenes/GameScene.ts:6223
0189;YES_OR_CONTEXT;USED_NOW_OR_CONTEXTUAL;07_GAMEPLAY_CORE;Hälytysvilkut = voin parkkeerata MIHIN VAAN;src/scenes/GameScene.ts:6224;src/scenes/GameScene.ts:6224
0190;YES_OR_CONTEXT;USED_NOW_OR_CONTEXTUAL;07_GAMEPLAY_CORE;Koulun VANHEMPAINYHDISTYS on sota-alue!;src/scenes/GameScene.ts:6246;src/scenes/GameScene.ts:6246
0191;YES_OR_CONTEXT;USED_NOW_OR_CONTEXTUAL;07_GAMEPLAY_CORE;Kuka päättää pikkujoulujen teeman?!;src/scenes/GameScene.ts:6247;src/scenes/GameScene.ts:6247
0192;YES_OR_CONTEXT;USED_NOW_OR_CONTEXTUAL;07_GAMEPLAY_CORE;Lapsemme sai B+, tää on KATASTROFI!;src/scenes/GameScene.ts:6248;src/scenes/GameScene.ts:6248
0193;YES_OR_CONTEXT;USED_NOW_OR_CONTEXTUAL;07_GAMEPLAY_CORE;Opettaja EI YMMÄRRÄ Ollin lahjakkuutta;src/scenes/GameScene.ts:6249;src/scenes/GameScene.ts:6249
0194;YES_OR_CONTEXT;USED_NOW_OR_CONTEXTUAL;07_GAMEPLAY_CORE;Rehtori kuulee tästä, LUOTA SIIHEN!;src/scenes/GameScene.ts:6250;src/scenes/GameScene.ts:6250
0195;YES_OR_CONTEXT;USED_NOW_OR_CONTEXTUAL;07_GAMEPLAY_CORE;Steinerilläkin on omat haasteensa...;src/scenes/GameScene.ts:6251;src/scenes/GameScene.ts:6251
0196;YES_OR_CONTEXT;USED_NOW_OR_CONTEXTUAL;07_GAMEPLAY_CORE;Hugo-Maximus tarvitsee TILAA!;src/scenes/GameScene.ts:6269;src/scenes/GameScene.ts:6269
0197;YES_OR_CONTEXT;USED_NOW_OR_CONTEXTUAL;07_GAMEPLAY_CORE;Labradoodle on hypoallergeeninen, KIITOS;src/scenes/GameScene.ts:6270;src/scenes/GameScene.ts:6270
0198;YES_OR_CONTEXT;USED_NOW_OR_CONTEXTUAL;07_GAMEPLAY_CORE;Koira maksoi 3000€, kyllä se SAA olla ladulla;src/scenes/GameScene.ts:6271;src/scenes/GameScene.ts:6271
0199;YES_OR_CONTEXT;USED_NOW_OR_CONTEXTUAL;07_GAMEPLAY_CORE;Meidän Bichon on influensseri, 5k seuraajaa;src/scenes/GameScene.ts:6272;src/scenes/GameScene.ts:6272
0200;YES_OR_CONTEXT;USED_NOW_OR_CONTEXTUAL;07_GAMEPLAY_CORE;KAKKAPUSSI? Se on luonnonmukaista lannoitetta!;src/scenes/GameScene.ts:6273;src/scenes/GameScene.ts:6273
0201;YES_OR_CONTEXT;USED_NOW_OR_CONTEXTUAL;07_GAMEPLAY_CORE;Koira ON perheenjäsen, entä suksesi?;src/scenes/GameScene.ts:6274;src/scenes/GameScene.ts:6274
0202;YES_OR_CONTEXT;USED_NOW_OR_CONTEXTUAL;07_GAMEPLAY_CORE;Meidän mökillä on WIFI ja AC;src/scenes/GameScene.ts:6290;src/scenes/GameScene.ts:6290
0203;YES_OR_CONTEXT;USED_NOW_OR_CONTEXTUAL;07_GAMEPLAY_CORE;Mökki? Siis kesäasunto saaristossa;src/scenes/GameScene.ts:6291;src/scenes/GameScene.ts:6291
0204;YES_OR_CONTEXT;USED_NOW_OR_CONTEXTUAL;07_GAMEPLAY_CORE;60m rantaviivaa, oma laituri, NBD;src/scenes/GameScene.ts:6292;src/scenes/GameScene.ts:6292
0205;YES_OR_CONTEXT;USED_NOW_OR_CONTEXTUAL;07_GAMEPLAY_CORE;Naapurimökki myytiin 800k, meidän on PAREMPI;src/scenes/GameScene.ts:6293;src/scenes/GameScene.ts:6293
0206;YES_OR_CONTEXT;USED_NOW_OR_CONTEXTUAL;07_GAMEPLAY_CORE;Vuokraanko mökin? Ei kiitos, se on MEILLE;src/scenes/GameScene.ts:6294;src/scenes/GameScene.ts:6294
0207;YES_OR_CONTEXT;USED_NOW_OR_CONTEXTUAL;07_GAMEPLAY_CORE;Mökkitie on yksityinen, ei saa ajaa;src/scenes/GameScene.ts:6295;src/scenes/GameScene.ts:6295
0208;YES_OR_CONTEXT;USED_NOW_OR_CONTEXTUAL;07_GAMEPLAY_CORE;LAITTOIKO TUO MUOVIN BIOJÄTTEESEEN?!;src/scenes/GameScene.ts:6311;src/scenes/GameScene.ts:6311
0209;YES_OR_CONTEXT;USED_NOW_OR_CONTEXTUAL;07_GAMEPLAY_CORE;Kompostointi on elämäntapa, ei harrastus;src/scenes/GameScene.ts:6312;src/scenes/GameScene.ts:6312
0210;YES_OR_CONTEXT;USED_NOW_OR_CONTEXTUAL;07_GAMEPLAY_CORE;Kierrätyspiste on 50m, EI OO VAIKEETA!;src/scenes/GameScene.ts:6313;src/scenes/GameScene.ts:6313
0211;YES_OR_CONTEXT;USED_NOW_OR_CONTEXTUAL;07_GAMEPLAY_CORE;Mä tutkin sun roskat, oli siellä VIRHEITÄ;src/scenes/GameScene.ts:6314;src/scenes/GameScene.ts:6314
0212;YES_OR_CONTEXT;USED_NOW_OR_CONTEXTUAL;07_GAMEPLAY_CORE;Tää suksenvoide EI OO biopohjaista!;src/scenes/GameScene.ts:6315;src/scenes/GameScene.ts:6315
0213;YES_OR_CONTEXT;USED_NOW_OR_CONTEXTUAL;07_GAMEPLAY_CORE;Espoon kierrätysaste on HÄPEÄLLINEN!;src/scenes/GameScene.ts:6316;src/scenes/GameScene.ts:6316
0214;YES_OR_CONTEXT;USED_NOW_OR_CONTEXTUAL;07_GAMEPLAY_CORE;DOPINGTESTI ALKAA! JUOSKAA!;src/scenes/GameScene.ts:6337;src/scenes/GameScene.ts:6337
0215;YES_OR_CONTEXT;USED_NOW_OR_CONTEXTUAL;07_GAMEPLAY_CORE;WADA-valvojat tulee!;src/scenes/GameScene.ts:6338;src/scenes/GameScene.ts:6338
0216;YES_OR_CONTEXT;USED_NOW_OR_CONTEXTUAL;07_GAMEPLAY_CORE;Piilottakaa neuloittat!;src/scenes/GameScene.ts:6339;src/scenes/GameScene.ts:6339
0217;YES_OR_CONTEXT;USED_NOW_OR_CONTEXTUAL;07_GAMEPLAY_CORE;Kuka tilasi EPO:n tänne?!;src/scenes/GameScene.ts:6340;src/scenes/GameScene.ts:6340
0218;YES_OR_CONTEXT;USED_NOW_OR_CONTEXTUAL;07_GAMEPLAY_CORE;Hemofarm-kuorma saapuu!;src/scenes/GameScene.ts:6363;src/scenes/GameScene.ts:6363
0219;YES_OR_CONTEXT;USED_NOW_OR_CONTEXTUAL;07_GAMEPLAY_CORE;Vitamiinitoimitus täällä!;src/scenes/GameScene.ts:6364;src/scenes/GameScene.ts:6364
0220;YES_OR_CONTEXT;USED_NOW_OR_CONTEXTUAL;07_GAMEPLAY_CORE;Tää on vaan... rautalisää!;src/scenes/GameScene.ts:6366;src/scenes/GameScene.ts:6366
0221;YES_OR_CONTEXT;USED_NOW_OR_CONTEXTUAL;07_GAMEPLAY_CORE;Kuka maksaa kierroksen Torvissa?;src/scenes/GameScene.ts:6389;src/scenes/GameScene.ts:6389
0222;YES_OR_CONTEXT;USED_NOW_OR_CONTEXTUAL;07_GAMEPLAY_CORE;Torvin terassilla näkee mäet!;src/scenes/GameScene.ts:6390;src/scenes/GameScene.ts:6390
0223;YES_OR_CONTEXT;USED_NOW_OR_CONTEXTUAL;07_GAMEPLAY_CORE;Voittajajuhlat Torvissa!;src/scenes/GameScene.ts:6391;src/scenes/GameScene.ts:6391
0224;YES_OR_CONTEXT;USED_NOW_OR_CONTEXTUAL;07_GAMEPLAY_CORE;Torvin oluet on parhaita!;src/scenes/GameScene.ts:6392;src/scenes/GameScene.ts:6392
0225;YES_OR_CONTEXT;USED_NOW_OR_CONTEXTUAL;07_GAMEPLAY_CORE;Salpausselän tornit näkyy!;src/scenes/GameScene.ts:6412;src/scenes/GameScene.ts:6412
0226;YES_OR_CONTEXT;USED_NOW_OR_CONTEXTUAL;07_GAMEPLAY_CORE;Mäkihyppy on oikeaa urheilua!;src/scenes/GameScene.ts:6413;src/scenes/GameScene.ts:6413
0227;YES_OR_CONTEXT;USED_NOW_OR_CONTEXTUAL;07_GAMEPLAY_CORE;Kuka hyppää ensin?;src/scenes/GameScene.ts:6414;src/scenes/GameScene.ts:6414
0228;YES_OR_CONTEXT;USED_NOW_OR_CONTEXTUAL;07_GAMEPLAY_CORE;Tornit on Lahden symboli!;src/scenes/GameScene.ts:6415;src/scenes/GameScene.ts:6415
0229;YES_OR_CONTEXT;USED_NOW_OR_CONTEXTUAL;07_GAMEPLAY_CORE;Janne Ahonen hyppäs tuolta!;src/scenes/GameScene.ts:6416;src/scenes/GameScene.ts:6416
0230;YES_OR_CONTEXT;USED_NOW_OR_CONTEXTUAL;07_GAMEPLAY_CORE;Mikä tää neula on?!;src/scenes/GameScene.ts:6435;src/scenes/GameScene.ts:6435
0231;YES_OR_CONTEXT;USED_NOW_OR_CONTEXTUAL;07_GAMEPLAY_CORE;Se on... vitamiinipiikki!;src/scenes/GameScene.ts:6436;src/scenes/GameScene.ts:6436
0232;YES_OR_CONTEXT;USED_NOW_OR_CONTEXTUAL;07_GAMEPLAY_CORE;Kenen EPO-ruisku tää on?!;src/scenes/GameScene.ts:6437;src/scenes/GameScene.ts:6437
0233;YES_OR_CONTEXT;USED_NOW_OR_CONTEXTUAL;07_GAMEPLAY_CORE;Tää on B-vitamiinia, luota muhun!;src/scenes/GameScene.ts:6438;src/scenes/GameScene.ts:6438
0234;YES_OR_CONTEXT;USED_NOW_OR_CONTEXTUAL;07_GAMEPLAY_CORE;Piilota se nopeesti!;src/scenes/GameScene.ts:6439;src/scenes/GameScene.ts:6439
0235;YES_OR_CONTEXT;USED_NOW_OR_CONTEXTUAL;07_GAMEPLAY_CORE;Radiomasto näkyy! Ollaan lähellä!;src/scenes/GameScene.ts:6460;src/scenes/GameScene.ts:6460
0236;YES_OR_CONTEXT;USED_NOW_OR_CONTEXTUAL;07_GAMEPLAY_CORE;Suurin radiomasto Suomessa!;src/scenes/GameScene.ts:6461;src/scenes/GameScene.ts:6461
0237;YES_OR_CONTEXT;USED_NOW_OR_CONTEXTUAL;07_GAMEPLAY_CORE;Masto on 150m korkea!;src/scenes/GameScene.ts:6462;src/scenes/GameScene.ts:6462
0238;YES_OR_CONTEXT;USED_NOW_OR_CONTEXTUAL;07_GAMEPLAY_CORE;Näkyy kauas Salpausselälle!;src/scenes/GameScene.ts:6463;src/scenes/GameScene.ts:6463
0239;YES_OR_CONTEXT;USED_NOW_OR_CONTEXTUAL;07_GAMEPLAY_CORE;SALPAUSSELÄN KISAT ALKAA!;src/scenes/GameScene.ts:6479;src/scenes/GameScene.ts:6479
0240;YES_OR_CONTEXT;USED_NOW_OR_CONTEXTUAL;07_GAMEPLAY_CORE;Pujotellaan stadionille!;src/scenes/GameScene.ts:6480;src/scenes/GameScene.ts:6480
0241;YES_OR_CONTEXT;USED_NOW_OR_CONTEXTUAL;07_GAMEPLAY_CORE;Kaikki kilpailuun!;src/scenes/GameScene.ts:6481;src/scenes/GameScene.ts:6481
0242;YES_OR_CONTEXT;USED_NOW_OR_CONTEXTUAL;07_GAMEPLAY_CORE;Salpausselkä 2001 vibes!;src/scenes/GameScene.ts:6482;src/scenes/GameScene.ts:6482
0243;YES_OR_CONTEXT;USED_NOW_OR_CONTEXTUAL;07_GAMEPLAY_CORE;Maailmancup-tunnelmaa!;src/scenes/GameScene.ts:6483;src/scenes/GameScene.ts:6483
0244;YES_OR_CONTEXT;USED_NOW_OR_CONTEXTUAL;07_GAMEPLAY_CORE;BENSA-PÄÄT TULEE!;src/scenes/GameScene.ts:6508;src/scenes/GameScene.ts:6508
0245;YES_OR_CONTEXT;USED_NOW_OR_CONTEXTUAL;07_GAMEPLAY_CORE;Kuka viritti tän Corollan?!;src/scenes/GameScene.ts:6509;src/scenes/GameScene.ts:6509
0246;YES_OR_CONTEXT;USED_NOW_OR_CONTEXTUAL;07_GAMEPLAY_CORE;Bassot soi, latu tärisee!;src/scenes/GameScene.ts:6510;src/scenes/GameScene.ts:6510
0247;YES_OR_CONTEXT;USED_NOW_OR_CONTEXTUAL;07_GAMEPLAY_CORE;Lahden parkkipaikka-rallii!;src/scenes/GameScene.ts:6511;src/scenes/GameScene.ts:6511
0248;YES_OR_CONTEXT;USED_NOW_OR_CONTEXTUAL;07_GAMEPLAY_CORE;Tää Bemari on tuunattu!;src/scenes/GameScene.ts:6512;src/scenes/GameScene.ts:6512
0249;YES_OR_CONTEXT;USED_NOW_OR_CONTEXTUAL;07_GAMEPLAY_CORE;Se oli vaan proteiinijuoma!;src/scenes/GameScene.ts:6540;src/scenes/GameScene.ts:6540
0250;YES_OR_CONTEXT;USED_NOW_OR_CONTEXTUAL;07_GAMEPLAY_CORE;Kaikki käyttää, mä jäin vaan kiinni!;src/scenes/GameScene.ts:6541;src/scenes/GameScene.ts:6541
0251;YES_OR_CONTEXT;USED_NOW_OR_CONTEXTUAL;07_GAMEPLAY_CORE;Norjalaiset lavasti tän!;src/scenes/GameScene.ts:6563;src/scenes/GameScene.ts:6563
0252;YES_OR_CONTEXT;USED_NOW_OR_CONTEXTUAL;07_GAMEPLAY_CORE;Ruotsalaiset haluu meidät ulos!;src/scenes/GameScene.ts:6564;src/scenes/GameScene.ts:6564
0253;YES_OR_CONTEXT;USED_NOW_OR_CONTEXTUAL;07_GAMEPLAY_CORE;WADA vihaa suomalaisia!;src/scenes/GameScene.ts:6565;src/scenes/GameScene.ts:6565
0254;YES_OR_CONTEXT;USED_NOW_OR_CONTEXTUAL;07_GAMEPLAY_CORE;Media liioittelee!;src/scenes/GameScene.ts:6566;src/scenes/GameScene.ts:6566
0255;YES_OR_CONTEXT;USED_NOW_OR_CONTEXTUAL;07_GAMEPLAY_CORE;Suomi-neito itkee!;src/scenes/GameScene.ts:6567;src/scenes/GameScene.ts:6567
0256;YES_OR_CONTEXT;USED_NOW_OR_CONTEXTUAL;07_GAMEPLAY_CORE;EI TOIMI BOSSILLA;src/scenes/GameScene.ts:6645;src/scenes/GameScene.ts:6645
0257;YES_OR_CONTEXT;USED_NOW_OR_CONTEXTUAL;07_GAMEPLAY_CORE;TAUKO;src/scenes/UIScene.ts:68;src/scenes/UIScene.ts:68
0258;YES_OR_CONTEXT;USED_NOW_OR_CONTEXTUAL;07_GAMEPLAY_CORE;Napauta jatkaaksesi;src/scenes/UIScene.ts:69;src/scenes/UIScene.ts:69
0259;YES_OR_CONTEXT;USED_NOW_OR_CONTEXTUAL;07_GAMEPLAY_CORE;🆕 🪓 X = Kirves AVATTU!;src/scenes/UIScene.ts:161;src/scenes/UIScene.ts:161
0260;YES_OR_CONTEXT;USED_NOW_OR_CONTEXTUAL;07_GAMEPLAY_CORE;🆕 😤 V = LATURAIVO AVATTU!;src/scenes/UIScene.ts:167;src/scenes/UIScene.ts:167
0261;YES_OR_CONTEXT;USED_NOW_OR_CONTEXTUAL;07_GAMEPLAY_CORE;🆕 💶 POWER-UPIT AVATTU!;src/scenes/UIScene.ts:173;src/scenes/UIScene.ts:173
0262;YES_OR_CONTEXT;USED_NOW_OR_CONTEXTUAL;07_GAMEPLAY_CORE;#top-hud-bar > div:last-child;src/scenes/UIScene.ts:544;src/scenes/UIScene.ts:544
0263;YES_OR_CONTEXT;USED_NOW_OR_CONTEXTUAL;07_GAMEPLAY_CORE;${...}px;src/scenes/UIScene.ts:559;src/main.ts:554 | src/main.ts:555 | src/scenes/GameCompleteUIScene.ts:153 | src/scenes/GameCompleteUIScene.ts:169 | src/scenes/UIScene.ts:559 | src/scenes/UIScene.ts:560 | src/scenes/UIScene.ts:567 | src/scenes/UIScene.ts:568 | src/scenes/UIScene.ts:572 | src/scenes/UIScene.ts:573 | src/scenes/UIScene.ts:577 | src/scenes/UIScene.ts:578 | src/scenes/UIScene.ts:588 | src/scenes/UIScene.ts:596 | src/scenes/UIScene.ts:607 | src/scenes/UIScene.ts:618 | src/scenes/UIScene.ts:657 | src/scenes/UIScene.ts:658
0264;YES_OR_CONTEXT;USED_NOW_OR_CONTEXTUAL;07_GAMEPLAY_CORE;top left;src/scenes/UIScene.ts:564;src/scenes/UIScene.ts:564
0265;YES_OR_CONTEXT;USED_NOW_OR_CONTEXTUAL;07_GAMEPLAY_CORE;bottom left;src/scenes/UIScene.ts:569;src/scenes/UIScene.ts:569
0266;YES_OR_CONTEXT;USED_NOW_OR_CONTEXTUAL;07_GAMEPLAY_CORE;bottom right;src/scenes/UIScene.ts:574;src/scenes/UIScene.ts:574
0267;YES_OR_CONTEXT;USED_NOW_OR_CONTEXTUAL;07_GAMEPLAY_CORE;top right;src/scenes/UIScene.ts:579;src/scenes/UIScene.ts:579
0268;YES_OR_CONTEXT;USED_NOW_OR_CONTEXTUAL;07_GAMEPLAY_CORE;🤫 tästä ei puhuta;src/scenes/UIScene.ts:848;src/scenes/UIScene.ts:848
0269;YES_OR_CONTEXT;USED_NOW_OR_CONTEXTUAL;07_GAMEPLAY_CORE;#mobile-movement-controls, #mobile-attack-controls, #mobile-center-controls;src/scenes/UIScene.ts:906;src/scenes/UIScene.ts:906
0270;YES_OR_CONTEXT;USED_NOW_OR_CONTEXTUAL;07_GAMEPLAY_CORE;MYKISTETTY;src/scenes/UIScene.ts:1137;src/scenes/UIScene.ts:1137
0271;YES_OR_CONTEXT;USED_NOW_OR_CONTEXTUAL;07_GAMEPLAY_CORE;ÄÄNI;src/scenes/UIScene.ts:1141;src/scenes/UIScene.ts:1141
0272;YES_OR_CONTEXT;USED_NOW_OR_CONTEXTUAL;07_GAMEPLAY_CORE;VAIHE 1;src/scenes/UIScene.ts:1350;src/scenes/UIScene.ts:1350
0273;YES_OR_CONTEXT;USED_NOW_OR_CONTEXTUAL;07_GAMEPLAY_CORE;VAIHE 2 - VAARALLISEMPI!;src/scenes/UIScene.ts:1350;src/scenes/UIScene.ts:1350
0274;YES_OR_CONTEXT;USED_NOW_OR_CONTEXTUAL;07_GAMEPLAY_CORE;VAIHE 3 - RAIVOISA!;src/scenes/UIScene.ts:1350;src/scenes/UIScene.ts:1350
0275;YES_OR_CONTEXT;USED_NOW_OR_CONTEXTUAL;07_GAMEPLAY_CORE;VAIHE ${...};src/scenes/UIScene.ts:1351;src/scenes/UIScene.ts:1351
0276;YES_OR_CONTEXT;USED_NOW_OR_CONTEXTUAL;07_GAMEPLAY_CORE;RYNNÄKKÖ!;src/scenes/UIScene.ts:1369;src/scenes/UIScene.ts:1369
0277;YES_OR_CONTEXT;USED_NOW_OR_CONTEXTUAL;07_GAMEPLAY_CORE;COMBO!;src/scenes/UIScene.ts:1373;src/scenes/UIScene.ts:1373
0278;YES_OR_CONTEXT;USED_NOW_OR_CONTEXTUAL;07_GAMEPLAY_CORE;bossAttackWarningPulse 0.12s infinite;src/scenes/UIScene.ts:1391;src/scenes/UIScene.ts:1391
0279;YES_OR_CONTEXT;USED_NOW_OR_CONTEXTUAL;07_GAMEPLAY_CORE;bossAttackWarningPulse 0.15s infinite;src/scenes/UIScene.ts:1394;src/scenes/UIScene.ts:1394 | src/scenes/UIScene.ts:3349
0280;YES_OR_CONTEXT;USED_NOW_OR_CONTEXTUAL;07_GAMEPLAY_CORE;${...}xl;src/scenes/UIScene.ts:1450;src/scenes/UIScene.ts:1450
0281;YES_OR_CONTEXT;USED_NOW_OR_CONTEXTUAL;07_GAMEPLAY_CORE;1px 1px 0px #000;src/scenes/UIScene.ts:1545;src/scenes/UIScene.ts:1545 | src/scenes/UIScene.ts:1551
0282;YES_OR_CONTEXT;USED_NOW_OR_CONTEXTUAL;07_GAMEPLAY_CORE;powerupNotificationPopBig 1.2s ease-out forwards;src/scenes/UIScene.ts:1556;src/scenes/UIScene.ts:1556
0283;YES_OR_CONTEXT;USED_NOW_OR_CONTEXTUAL;07_GAMEPLAY_CORE;powerupSlideIn 0.3s ease-out forwards;src/scenes/UIScene.ts:1578;src/scenes/UIScene.ts:1578
0284;YES_OR_CONTEXT;USED_NOW_OR_CONTEXTUAL;07_GAMEPLAY_CORE;opacity 0.3s ease, transform 0.3s ease;src/scenes/UIScene.ts:1579;src/scenes/UIScene.ts:1579
0285;YES_OR_CONTEXT;USED_NOW_OR_CONTEXTUAL;07_GAMEPLAY_CORE;opacity 0.5s ease, transform 0.5s ease;src/scenes/UIScene.ts:1582;src/scenes/UIScene.ts:1582
0286;YES_OR_CONTEXT;USED_NOW_OR_CONTEXTUAL;07_GAMEPLAY_CORE;powerupPulse 0.3s infinite;src/scenes/UIScene.ts:1613;src/scenes/UIScene.ts:1613
0287;YES_OR_CONTEXT;USED_NOW_OR_CONTEXTUAL;07_GAMEPLAY_CORE;ESPOOLAISET POIS LADULTA!;src/scenes/UIScene.ts:1636;src/scenes/UIScene.ts:1636
0288;YES_OR_CONTEXT;USED_NOW_OR_CONTEXTUAL;07_GAMEPLAY_CORE;LAHTELAISET POIS LADULTA!;src/scenes/UIScene.ts:1636;src/scenes/UIScene.ts:1636
0289;YES_OR_CONTEXT;USED_NOW_OR_CONTEXTUAL;07_GAMEPLAY_CORE;rageEdgeGlowPulse 0.3s infinite;src/scenes/UIScene.ts:1651;src/scenes/UIScene.ts:1651
0290;YES_OR_CONTEXT;USED_NOW_OR_CONTEXTUAL;07_GAMEPLAY_CORE;0 0 10px #ff0000;src/scenes/UIScene.ts:1667;src/scenes/UIScene.ts:1667
0291;YES_OR_CONTEXT;USED_NOW_OR_CONTEXTUAL;07_GAMEPLAY_CORE;🏆 MEGA-ESPOOLAINEN;src/scenes/UIScene.ts:1700;src/scenes/UIScene.ts:1700
0292;YES_OR_CONTEXT;USED_NOW_OR_CONTEXTUAL;07_GAMEPLAY_CORE;🏆 MEGA-LAHTELAINEN;src/scenes/UIScene.ts:1700;src/scenes/UIScene.ts:1700
0293;YES_OR_CONTEXT;USED_NOW_OR_CONTEXTUAL;07_GAMEPLAY_CORE;⚠️ BOSS TITLE;src/scenes/UIScene.ts:1701;src/scenes/UIScene.ts:1701
0294;YES_OR_CONTEXT;USED_NOW_OR_CONTEXTUAL;07_GAMEPLAY_CORE;⚠️ ESPOOLAINEN UHKA;src/scenes/UIScene.ts:1701;src/scenes/UIScene.ts:1701
0295;YES_OR_CONTEXT;USED_NOW_OR_CONTEXTUAL;07_GAMEPLAY_CORE;⚠️ LAHTELAINEN UHKA;src/scenes/UIScene.ts:1701;src/scenes/UIScene.ts:1701
0296;YES_OR_CONTEXT;USED_NOW_OR_CONTEXTUAL;07_GAMEPLAY_CORE;JETI;src/scenes/UIScene.ts:1702;src/LevelManager.ts:32 | src/LevelManager.ts:33 | src/scenes/UIScene.ts:1702
0297;YES_OR_CONTEXT;USED_NOW_OR_CONTEXTUAL;07_GAMEPLAY_CORE;BOSSI VOITETTU!;src/scenes/UIScene.ts:1730;src/scenes/UIScene.ts:1730
0298;YES_OR_CONTEXT;USED_NOW_OR_CONTEXTUAL;07_GAMEPLAY_CORE;PÄÄBOSSI VOITETTU!;src/scenes/UIScene.ts:1730;src/scenes/UIScene.ts:1730
0299;YES_OR_CONTEXT;USED_NOW_OR_CONTEXTUAL;07_GAMEPLAY_CORE;VOLTTI TÄYDELLINEN!;src/scenes/UIScene.ts:1765;src/scenes/UIScene.ts:1765
0300;YES_OR_CONTEXT;USED_NOW_OR_CONTEXTUAL;07_GAMEPLAY_CORE;healthCriticalPulse 0.5s infinite;src/scenes/UIScene.ts:2536;src/scenes/UIScene.ts:2536 | src/scenes/UIScene.ts:3252
0301;YES_OR_CONTEXT;USED_NOW_OR_CONTEXTUAL;07_GAMEPLAY_CORE;criticalHealthGlowPulse 1.5s ease-in-out infinite;src/scenes/UIScene.ts:2561;src/scenes/UIScene.ts:2561
0302;YES_OR_CONTEXT;USED_NOW_OR_CONTEXTUAL;07_GAMEPLAY_CORE;${...}m;src/scenes/UIScene.ts:2719;src/scenes/UIScene.ts:2719 | src/scenes/UIScene.ts:2868
0303;YES_OR_CONTEXT;USED_NOW_OR_CONTEXTUAL;07_GAMEPLAY_CORE;VALMIS!;src/scenes/UIScene.ts:2768;src/scenes/UIScene.ts:2768
0304;YES_OR_CONTEXT;USED_NOW_OR_CONTEXTUAL;07_GAMEPLAY_CORE;ILMALENTO x${...};src/scenes/UIScene.ts:2818;src/scenes/UIScene.ts:2818
0305;YES_OR_CONTEXT;USED_NOW_OR_CONTEXTUAL;07_GAMEPLAY_CORE;${...} km/h;src/scenes/UIScene.ts:2921;src/scenes/UIScene.ts:2921
0306;YES_OR_CONTEXT;USED_NOW_OR_CONTEXTUAL;07_GAMEPLAY_CORE;${...}s ILMASSA;src/scenes/UIScene.ts:2947;src/scenes/UIScene.ts:2947
0307;YES_OR_CONTEXT;USED_NOW_OR_CONTEXTUAL;07_GAMEPLAY_CORE;🔄 VOLTTI!;src/scenes/UIScene.ts:2985;src/scenes/UIScene.ts:2985
0308;YES_OR_CONTEXT;USED_NOW_OR_CONTEXTUAL;07_GAMEPLAY_CORE;LUMIMYRSKY! DRAAMAA!;src/scenes/UIScene.ts:3016;src/scenes/UIScene.ts:3016
0309;YES_OR_CONTEXT;USED_NOW_OR_CONTEXTUAL;07_GAMEPLAY_CORE;RÄNTÄSADE!;src/scenes/UIScene.ts:3022;src/scenes/UIScene.ts:3022
0310;YES_OR_CONTEXT;USED_NOW_OR_CONTEXTUAL;07_GAMEPLAY_CORE;LUMIPYRY! DRAAMAA!;src/scenes/UIScene.ts:3028;src/scenes/UIScene.ts:3028
0311;YES_OR_CONTEXT;USED_NOW_OR_CONTEXTUAL;07_GAMEPLAY_CORE;LIUKASTA! PAIKALLISTA DRAAMAA!;src/scenes/UIScene.ts:3034;src/scenes/UIScene.ts:3034
0312;YES_OR_CONTEXT;USED_NOW_OR_CONTEXTUAL;07_GAMEPLAY_CORE;HÄIKÄISEE!;src/scenes/UIScene.ts:3040;src/scenes/UIScene.ts:3040
0313;YES_OR_CONTEXT;USED_NOW_OR_CONTEXTUAL;07_GAMEPLAY_CORE;PAKKANEN!;src/scenes/UIScene.ts:3046;src/scenes/UIScene.ts:3046
0314;YES_OR_CONTEXT;USED_NOW_OR_CONTEXTUAL;07_GAMEPLAY_CORE;HAPPOSADE!;src/scenes/UIScene.ts:3052;src/scenes/UIScene.ts:3052
0315;YES_OR_CONTEXT;USED_NOW_OR_CONTEXTUAL;07_GAMEPLAY_CORE;⚔️ TASO ${...} - PÄÄBOSSI: TIMO SOINI ⚔️;src/scenes/UIScene.ts:3096;src/scenes/UIScene.ts:3096
0316;YES_OR_CONTEXT;USED_NOW_OR_CONTEXTUAL;07_GAMEPLAY_CORE;⚔️ TASO ${...} - ${...} ⚔️;src/scenes/UIScene.ts:3101;src/scenes/UIScene.ts:3101
0317;YES_OR_CONTEXT;USED_NOW_OR_CONTEXTUAL;07_GAMEPLAY_CORE;⚔️ TASO ${...} - BOSSI ⚔️;src/scenes/UIScene.ts:3101;src/scenes/UIScene.ts:3101
0318;YES_OR_CONTEXT;USED_NOW_OR_CONTEXTUAL;07_GAMEPLAY_CORE;bossEnragedPulse 0.5s infinite;src/scenes/UIScene.ts:3108;src/scenes/UIScene.ts:3108
0319;YES_OR_CONTEXT;USED_NOW_OR_CONTEXTUAL;07_GAMEPLAY_CORE;0%;src/scenes/UIScene.ts:3135;src/scenes/UIScene.ts:3135 | src/scenes/UIScene.ts:3211
0320;YES_OR_CONTEXT;USED_NOW_OR_CONTEXTUAL;07_GAMEPLAY_CORE;TASO 3;src/scenes/UIScene.ts:3137;src/scenes/UIScene.ts:3137
0321;YES_OR_CONTEXT;USED_NOW_OR_CONTEXTUAL;07_GAMEPLAY_CORE;🔒 TASO 3;src/scenes/UIScene.ts:3141;src/scenes/UIScene.ts:3141
0322;YES_OR_CONTEXT;USED_NOW_OR_CONTEXTUAL;07_GAMEPLAY_CORE;EI BOSSILLA;src/scenes/UIScene.ts:3150;src/scenes/UIScene.ts:3150
0323;YES_OR_CONTEXT;USED_NOW_OR_CONTEXTUAL;07_GAMEPLAY_CORE;100%;src/scenes/UIScene.ts:3159;src/scenes/UIScene.ts:3159 | src/scenes/UIScene.ts:3168 | src/scenes/UIScene.ts:3170 | src/scenes/UIScene.ts:3219 | src/scenes/UIScene.ts:3223 | src/scenes/UIScene.ts:3225
0324;YES_OR_CONTEXT;USED_NOW_OR_CONTEXTUAL;07_GAMEPLAY_CORE;RAIVOAA!;src/scenes/UIScene.ts:3162;src/scenes/UIScene.ts:3162
0325;YES_OR_CONTEXT;USED_NOW_OR_CONTEXTUAL;07_GAMEPLAY_CORE;RAIVO;src/scenes/UIScene.ts:3171;src/scenes/UIScene.ts:3171 | src/scenes/UIScene.ts:3195
0326;YES_OR_CONTEXT;USED_NOW_OR_CONTEXTUAL;07_GAMEPLAY_CORE;V: RAIVO;src/scenes/UIScene.ts:3176;src/scenes/UIScene.ts:3176 | src/scenes/UIScene.ts:3200
0327;YES_OR_CONTEXT;USED_NOW_OR_CONTEXTUAL;07_GAMEPLAY_CORE;SUPER COMBO!;src/scenes/UIScene.ts:3297;src/scenes/UIScene.ts:3297
0328;YES_OR_CONTEXT;USED_NOW_OR_CONTEXTUAL;07_GAMEPLAY_CORE;SUOJA PÄÄLLÄ!;src/scenes/UIScene.ts:3299;src/scenes/UIScene.ts:3299
0329;YES_OR_CONTEXT;USED_NOW_OR_CONTEXTUAL;07_GAMEPLAY_CORE;TURBO!;src/scenes/UIScene.ts:3301;src/scenes/UIScene.ts:3301
0330;YES_OR_CONTEXT;USED_NOW_OR_CONTEXTUAL;07_GAMEPLAY_CORE;healthCriticalPulse 0.3s infinite;src/scenes/UIScene.ts:3322;src/scenes/UIScene.ts:3322
0331;YES_OR_CONTEXT;USED_NOW_OR_CONTEXTUAL;07_GAMEPLAY_CORE;POWER-UPIT POIS!;src/scenes/UIScene.ts:3386;src/scenes/UIScene.ts:3386
0332;YES_OR_CONTEXT;USED_NOW_OR_CONTEXTUAL;07_GAMEPLAY_CORE;50%;src/scenes/UIScene.ts:3394;src/scenes/UIScene.ts:3394 | src/scenes/UIScene.ts:3404
0333;CONDITIONAL;CONDITIONAL_MAY_BE_HIDDEN;08_ENEMY_BOSS_COMBAT;TIEDÄTKÖ KUKA MUN MIES ON?!;src/entities/Boss.ts:14;src/entities/Boss.ts:14
0334;CONDITIONAL;CONDITIONAL_MAY_BE_HIDDEN;08_ENEMY_BOSS_COMBAT;TÄMÄ ON YKSITYINEN LATU!;src/entities/Boss.ts:15;src/entities/Boss.ts:15
0335;CONDITIONAL;CONDITIONAL_MAY_BE_HIDDEN;08_ENEMY_BOSS_COMBAT;MUN LAPSET ON STEINERKOULUSSA!;src/entities/Boss.ts:16;src/entities/Boss.ts:16
0336;CONDITIONAL;CONDITIONAL_MAY_BE_HIDDEN;08_ENEMY_BOSS_COMBAT;SOITAN HALLITUKSEN PUHEENJOHTAJALLE!;src/entities/Boss.ts:17;src/entities/Boss.ts:17
0337;CONDITIONAL;CONDITIONAL_MAY_BE_HIDDEN;08_ENEMY_BOSS_COMBAT;MEILLÄ ON KESÄMÖKKI NAANTALISSA!;src/entities/Boss.ts:18;src/entities/Boss.ts:18
0338;CONDITIONAL;CONDITIONAL_MAY_BE_HIDDEN;08_ENEMY_BOSS_COMBAT;MUN PERSONAL TRAINER EI HYVÄKSY TÄTÄ!;src/entities/Boss.ts:19;src/entities/Boss.ts:19
0339;CONDITIONAL;CONDITIONAL_MAY_BE_HIDDEN;08_ENEMY_BOSS_COMBAT;TÄMÄ MENEE FACEBOOKKIIN!;src/entities/Boss.ts:20;src/entities/Boss.ts:20
0340;CONDITIONAL;CONDITIONAL_MAY_BE_HIDDEN;08_ENEMY_BOSS_COMBAT;ESPOO ON PAREMPI KUIN HELSINKI!;src/entities/Boss.ts:21;src/entities/Boss.ts:21
0341;CONDITIONAL;CONDITIONAL_MAY_BE_HIDDEN;08_ENEMY_BOSS_COMBAT;MÄ TUNNEN KAUPUNGINJOHTAJAN!;src/entities/Boss.ts:22;src/entities/Boss.ts:22
0342;CONDITIONAL;CONDITIONAL_MAY_BE_HIDDEN;08_ENEMY_BOSS_COMBAT;MUN TESLA LATAA JUST NYT!;src/entities/Boss.ts:23;src/entities/Boss.ts:23
0343;CONDITIONAL;CONDITIONAL_MAY_BE_HIDDEN;08_ENEMY_BOSS_COMBAT;AJAX FOREVER!;src/entities/Boss.ts:27;src/entities/Boss.ts:27
0344;CONDITIONAL;CONDITIONAL_MAY_BE_HIDDEN;08_ENEMY_BOSS_COMBAT;EI OLLU DOPINGIA!;src/entities/Boss.ts:28;src/entities/Boss.ts:28
0345;CONDITIONAL;CONDITIONAL_MAY_BE_HIDDEN;08_ENEMY_BOSS_COMBAT;HEMOFARM? MIKÄ HEMOFARM?;src/entities/Boss.ts:29;src/entities/Boss.ts:29
0346;CONDITIONAL;CONDITIONAL_MAY_BE_HIDDEN;08_ENEMY_BOSS_COMBAT;LAHTI ON URHEILUKAUPUNKI!;src/entities/Boss.ts:30;src/entities/Boss.ts:30
0347;CONDITIONAL;CONDITIONAL_MAY_BE_HIDDEN;08_ENEMY_BOSS_COMBAT;OLIN VAAN FLUNSSASSA!;src/entities/Boss.ts:31;src/entities/Boss.ts:31
0348;CONDITIONAL;CONDITIONAL_MAY_BE_HIDDEN;08_ENEMY_BOSS_COMBAT;SYYTÄ LÄÄKÄRIÄ!;src/entities/Boss.ts:32;src/entities/Boss.ts:32
0349;CONDITIONAL;CONDITIONAL_MAY_BE_HIDDEN;08_ENEMY_BOSS_COMBAT;TÄÄ ON SALALIITTO!;src/entities/Boss.ts:33;src/entities/Boss.ts:33
0350;CONDITIONAL;CONDITIONAL_MAY_BE_HIDDEN;08_ENEMY_BOSS_COMBAT;PELASIN BARCELONASSA!;src/entities/Boss.ts:34;src/entities/Boss.ts:34
0351;CONDITIONAL;CONDITIONAL_MAY_BE_HIDDEN;08_ENEMY_BOSS_COMBAT;JANSEN PAANSEN, AJAX!;src/entities/Boss.ts:35;src/entities/Boss.ts:35
0352;CONDITIONAL;CONDITIONAL_MAY_BE_HIDDEN;08_ENEMY_BOSS_COMBAT;SUOMEN PARAS JALKAPALLOILIJA!;src/entities/Boss.ts:36;src/entities/Boss.ts:36
0353;CONDITIONAL;CONDITIONAL_MAY_BE_HIDDEN;08_ENEMY_BOSS_COMBAT;MUN AUTOPILOT ON PAREMPI KUIN SÄ!;src/entities/Boss.ts:40;src/entities/Boss.ts:40
0354;CONDITIONAL;CONDITIONAL_MAY_BE_HIDDEN;08_ENEMY_BOSS_COMBAT;OLETKO KOKEILLUT BITCOINIA?;src/entities/Boss.ts:41;src/entities/Boss.ts:41
0355;CONDITIONAL;CONDITIONAL_MAY_BE_HIDDEN;08_ENEMY_BOSS_COMBAT;MUN STARTUP SAI JUST RAHOTUKSEN!;src/entities/Boss.ts:42;src/entities/Boss.ts:42
0356;CONDITIONAL;CONDITIONAL_MAY_BE_HIDDEN;08_ENEMY_BOSS_COMBAT;MINULLA ON MODEL S PLAID!;src/entities/Boss.ts:43;src/entities/Boss.ts:43
0357;CONDITIONAL;CONDITIONAL_MAY_BE_HIDDEN;08_ENEMY_BOSS_COMBAT;LUKEN ELON MUSKIN TWITTERIÄ!;src/entities/Boss.ts:44;src/entities/Boss.ts:44
0358;CONDITIONAL;CONDITIONAL_MAY_BE_HIDDEN;08_ENEMY_BOSS_COMBAT;MUN SALKKU ON VIHREÄLLÄ!;src/entities/Boss.ts:45;src/entities/Boss.ts:45
0359;CONDITIONAL;CONDITIONAL_MAY_BE_HIDDEN;08_ENEMY_BOSS_COMBAT;KRYPTOT ON TULEVAISUUS!;src/entities/Boss.ts:46;src/entities/Boss.ts:46
0360;CONDITIONAL;CONDITIONAL_MAY_BE_HIDDEN;08_ENEMY_BOSS_COMBAT;ASUN WESTENDISSÄ, OBVIOUSLY!;src/entities/Boss.ts:47;src/entities/Boss.ts:47
0361;CONDITIONAL;CONDITIONAL_MAY_BE_HIDDEN;08_ENEMY_BOSS_COMBAT;MUN ÄLYKELLO MAKSOI 2000€!;src/entities/Boss.ts:48;src/entities/Boss.ts:48
0362;CONDITIONAL;CONDITIONAL_MAY_BE_HIDDEN;08_ENEMY_BOSS_COMBAT;KÄYN TÖISSÄ KEILAHDESSA!;src/entities/Boss.ts:49;src/entities/Boss.ts:49
0363;CONDITIONAL;CONDITIONAL_MAY_BE_HIDDEN;08_ENEMY_BOSS_COMBAT;MUN HANDICAP ON 5!;src/entities/Boss.ts:53;src/entities/Boss.ts:53
0364;CONDITIONAL;CONDITIONAL_MAY_BE_HIDDEN;08_ENEMY_BOSS_COMBAT;NÄHDÄÄN KLUBILLA!;src/entities/Boss.ts:54;src/entities/Boss.ts:54
0365;CONDITIONAL;CONDITIONAL_MAY_BE_HIDDEN;08_ENEMY_BOSS_COMBAT;MUN PURJEVENE ON SATAMASSA!;src/entities/Boss.ts:55;src/entities/Boss.ts:55
0366;CONDITIONAL;CONDITIONAL_MAY_BE_HIDDEN;08_ENEMY_BOSS_COMBAT;GOLFIN JÄLKEEN MENNÄÄN SAUNAAN!;src/entities/Boss.ts:56;src/entities/Boss.ts:56
0367;CONDITIONAL;CONDITIONAL_MAY_BE_HIDDEN;08_ENEMY_BOSS_COMBAT;TIEDÄTKÖ PALJON GREEN FEE MAKSAA?;src/entities/Boss.ts:57;src/entities/Boss.ts:57
0368;CONDITIONAL;CONDITIONAL_MAY_BE_HIDDEN;08_ENEMY_BOSS_COMBAT;MUN GOLF-MEMBERSHIP MAKSOI 50K!;src/entities/Boss.ts:58;src/entities/Boss.ts:58
0369;CONDITIONAL;CONDITIONAL_MAY_BE_HIDDEN;08_ENEMY_BOSS_COMBAT;KÄYN AINA ESPOO GOLF CLUBILLA!;src/entities/Boss.ts:59;src/entities/Boss.ts:59
0370;CONDITIONAL;CONDITIONAL_MAY_BE_HIDDEN;08_ENEMY_BOSS_COMBAT;MUN CADDIE ON LOMALLA!;src/entities/Boss.ts:60;src/entities/Boss.ts:60
0371;CONDITIONAL;CONDITIONAL_MAY_BE_HIDDEN;08_ENEMY_BOSS_COMBAT;TÄÄLLÄ HAISEE KÖYHÄLTÄ!;src/entities/Boss.ts:61;src/entities/Boss.ts:61
0372;CONDITIONAL;CONDITIONAL_MAY_BE_HIDDEN;08_ENEMY_BOSS_COMBAT;MUN ROLEX ON AITO!;src/entities/Boss.ts:62;src/entities/Boss.ts:62
0373;CONDITIONAL;CONDITIONAL_MAY_BE_HIDDEN;08_ENEMY_BOSS_COMBAT;NYT POISTUT LADULTA!;src/entities/Boss.ts:66;src/entities/Boss.ts:66
0374;CONDITIONAL;CONDITIONAL_MAY_BE_HIDDEN;08_ENEMY_BOSS_COMBAT;TÄÄ ON TURUN LATU, EI KÄVELYKATU!;src/entities/Boss.ts:67;src/entities/Boss.ts:67
0375;CONDITIONAL;CONDITIONAL_MAY_BE_HIDDEN;08_ENEMY_BOSS_COMBAT;AURAJOKI NÄKEE KAIKEN!;src/entities/Boss.ts:68;src/entities/Boss.ts:68
0376;CONDITIONAL;CONDITIONAL_MAY_BE_HIDDEN;08_ENEMY_BOSS_COMBAT;FÖLI TULEE, VÄISTÄ!;src/entities/Boss.ts:69;src/entities/Boss.ts:69
0377;CONDITIONAL;CONDITIONAL_MAY_BE_HIDDEN;08_ENEMY_BOSS_COMBAT;FUNIKULAARIKIN TOIMII PAREMMIN KUIN SÄ!;src/entities/Boss.ts:70;src/entities/Boss.ts:70
0378;CONDITIONAL;CONDITIONAL_MAY_BE_HIDDEN;08_ENEMY_BOSS_COMBAT;TURKU EI PERUUTA!;src/entities/Boss.ts:71;src/entities/Boss.ts:71
0379;CONDITIONAL;CONDITIONAL_MAY_BE_HIDDEN;08_ENEMY_BOSS_COMBAT;MUN HERMOT ON JO JÄÄSSÄ!;src/entities/Boss.ts:72;src/entities/Boss.ts:72
0380;CONDITIONAL;CONDITIONAL_MAY_BE_HIDDEN;08_ENEMY_BOSS_COMBAT;NÄYTÄN MITÄ TARKOITTAA LATURAIVO!;src/entities/Boss.ts:73;src/entities/Boss.ts:73
0381;CONDITIONAL;CONDITIONAL_MAY_BE_HIDDEN;08_ENEMY_BOSS_COMBAT;HESEN KAUTTA KOTIIN, JOS PÄÄSET!;src/entities/Boss.ts:74;src/entities/Boss.ts:74
0382;CONDITIONAL;CONDITIONAL_MAY_BE_HIDDEN;08_ENEMY_BOSS_COMBAT;TÄSTÄ EI KÄVELLÄ OHI!;src/entities/Boss.ts:75;src/entities/Boss.ts:75
0383;CONDITIONAL;CONDITIONAL_MAY_BE_HIDDEN;08_ENEMY_BOSS_COMBAT;JANSEN PAANSEN!;src/entities/Boss.ts:79;src/entities/Boss.ts:79
0384;CONDITIONAL;CONDITIONAL_MAY_BE_HIDDEN;08_ENEMY_BOSS_COMBAT;MÄ OLEN KANSAN MIES!;src/entities/Boss.ts:80;src/entities/Boss.ts:80
0385;CONDITIONAL;CONDITIONAL_MAY_BE_HIDDEN;08_ENEMY_BOSS_COMBAT;MISSÄ ON MUN PANNUKAKKU?!;src/entities/Boss.ts:81;src/entities/Boss.ts:81
0386;CONDITIONAL;CONDITIONAL_MAY_BE_HIDDEN;08_ENEMY_BOSS_COMBAT;TÄMÄ ON MINUN HIIHTOLADUN!;src/entities/Boss.ts:82;src/entities/Boss.ts:82
0387;CONDITIONAL;CONDITIONAL_MAY_BE_HIDDEN;08_ENEMY_BOSS_COMBAT;MUN VILLA GRANDESSA ON SAUNA!;src/entities/Boss.ts:83;src/entities/Boss.ts:83
0388;CONDITIONAL;CONDITIONAL_MAY_BE_HIDDEN;08_ENEMY_BOSS_COMBAT;POLITIIKKA ON TEATTERIA!;src/entities/Boss.ts:84;src/entities/Boss.ts:84
0389;CONDITIONAL;CONDITIONAL_MAY_BE_HIDDEN;08_ENEMY_BOSS_COMBAT;TULIN ESPOO GOLFISTA!;src/entities/Boss.ts:85;src/entities/Boss.ts:85
0390;CONDITIONAL;CONDITIONAL_MAY_BE_HIDDEN;08_ENEMY_BOSS_COMBAT;MUN LIHAPULLAT ON PARHAITA!;src/entities/Boss.ts:86;src/entities/Boss.ts:86
0391;CONDITIONAL;CONDITIONAL_MAY_BE_HIDDEN;08_ENEMY_BOSS_COMBAT;EN ANNA PERIKSI KOSKAAN!;src/entities/Boss.ts:87;src/entities/Boss.ts:87
0392;CONDITIONAL;CONDITIONAL_MAY_BE_HIDDEN;08_ENEMY_BOSS_COMBAT;ESPOO KUULUU MEILLE!;src/entities/Boss.ts:88;src/entities/Boss.ts:88
0393;CONDITIONAL;CONDITIONAL_MAY_BE_HIDDEN;08_ENEMY_BOSS_COMBAT;LAITAN SINUT JÄÄHYLLE!;src/entities/Boss.ts:89;src/entities/Boss.ts:89
0394;CONDITIONAL;CONDITIONAL_MAY_BE_HIDDEN;08_ENEMY_BOSS_COMBAT;MUN TUKKA ON LUONNOLLINEN!;src/entities/Boss.ts:90;src/entities/Boss.ts:90
0395;CONDITIONAL;CONDITIONAL_MAY_BE_HIDDEN;08_ENEMY_BOSS_COMBAT;NYT RIITTI! SOITAN POLIISILLE!;src/entities/Boss.ts:97;src/entities/Boss.ts:97
0396;CONDITIONAL;CONDITIONAL_MAY_BE_HIDDEN;08_ENEMY_BOSS_COMBAT;MUN ASIANAJAJA KUULEE TÄSTÄ!;src/entities/Boss.ts:98;src/entities/Boss.ts:98
0397;CONDITIONAL;CONDITIONAL_MAY_BE_HIDDEN;08_ENEMY_BOSS_COMBAT;TÄMÄ ON EPÄOIKEUDENMUKAISTA!;src/entities/Boss.ts:99;src/entities/Boss.ts:99
0398;CONDITIONAL;CONDITIONAL_MAY_BE_HIDDEN;08_ENEMY_BOSS_COMBAT;AJAX MODE ACTIVATED!;src/entities/Boss.ts:102;src/entities/Boss.ts:102
0399;CONDITIONAL;CONDITIONAL_MAY_BE_HIDDEN;08_ENEMY_BOSS_COMBAT;KULTAINEN KENKÄ TULEE!;src/entities/Boss.ts:103;src/entities/Boss.ts:103
0400;CONDITIONAL;CONDITIONAL_MAY_BE_HIDDEN;08_ENEMY_BOSS_COMBAT;SUOMEN KUNINGAS HYÖKKÄÄ!;src/entities/Boss.ts:104;src/entities/Boss.ts:104
0401;CONDITIONAL;CONDITIONAL_MAY_BE_HIDDEN;08_ENEMY_BOSS_COMBAT;LUDICROUS MODE ACTIVATED!;src/entities/Boss.ts:107;src/entities/Boss.ts:107
0402;CONDITIONAL;CONDITIONAL_MAY_BE_HIDDEN;08_ENEMY_BOSS_COMBAT;FULL SELF-DRIVING ATTACK!;src/entities/Boss.ts:108;src/entities/Boss.ts:108
0403;CONDITIONAL;CONDITIONAL_MAY_BE_HIDDEN;08_ENEMY_BOSS_COMBAT;TO THE MOON! 🚀;src/entities/Boss.ts:109;src/entities/Boss.ts:109
0404;CONDITIONAL;CONDITIONAL_MAY_BE_HIDDEN;08_ENEMY_BOSS_COMBAT;NYT TULEE EAGLE!;src/entities/Boss.ts:112;src/entities/Boss.ts:112
0405;CONDITIONAL;CONDITIONAL_MAY_BE_HIDDEN;08_ENEMY_BOSS_COMBAT;MUN SWING ON TÄYDELLINEN!;src/entities/Boss.ts:113;src/entities/Boss.ts:113
0406;CONDITIONAL;CONDITIONAL_MAY_BE_HIDDEN;08_ENEMY_BOSS_COMBAT;BUNKERISTA BIRDIE!;src/entities/Boss.ts:114;src/entities/Boss.ts:114
0407;CONDITIONAL;CONDITIONAL_MAY_BE_HIDDEN;08_ENEMY_BOSS_COMBAT;NYT LÄHTEE TURUN MYRSKY!;src/entities/Boss.ts:117;src/entities/Boss.ts:117
0408;CONDITIONAL;CONDITIONAL_MAY_BE_HIDDEN;08_ENEMY_BOSS_COMBAT;LATU TUTISEE, PYSY PINNALLA!;src/entities/Boss.ts:118;src/entities/Boss.ts:118
0409;CONDITIONAL;CONDITIONAL_MAY_BE_HIDDEN;08_ENEMY_BOSS_COMBAT;TÄÄ EI OLE HARJOITUS!;src/entities/Boss.ts:119;src/entities/Boss.ts:119
0410;CONDITIONAL;CONDITIONAL_MAY_BE_HIDDEN;08_ENEMY_BOSS_COMBAT;PERSUT EI ANNA PERIKSI!;src/entities/Boss.ts:122;src/entities/Boss.ts:122
0411;CONDITIONAL;CONDITIONAL_MAY_BE_HIDDEN;08_ENEMY_BOSS_COMBAT;MINUN VUORONI LYÖDÄ!;src/entities/Boss.ts:123;src/entities/Boss.ts:123
0412;CONDITIONAL;CONDITIONAL_MAY_BE_HIDDEN;08_ENEMY_BOSS_COMBAT;MAMUKRIITIKKO MODE!;src/entities/Boss.ts:124;src/entities/Boss.ts:124
0413;CONDITIONAL;CONDITIONAL_MAY_BE_HIDDEN;08_ENEMY_BOSS_COMBAT;APUA! HÄTÄNUMERO!;src/entities/Boss.ts:131;src/entities/Boss.ts:131
0414;CONDITIONAL;CONDITIONAL_MAY_BE_HIDDEN;08_ENEMY_BOSS_COMBAT;MUN HIUKSET!;src/entities/Boss.ts:132;src/entities/Boss.ts:132
0415;CONDITIONAL;CONDITIONAL_MAY_BE_HIDDEN;08_ENEMY_BOSS_COMBAT;MITEN KEHTAAT?!;src/entities/Boss.ts:133;src/entities/Boss.ts:133
0416;CONDITIONAL;CONDITIONAL_MAY_BE_HIDDEN;08_ENEMY_BOSS_COMBAT;MUN AJAX-PAITA!;src/entities/Boss.ts:136;src/entities/Boss.ts:136
0417;CONDITIONAL;CONDITIONAL_MAY_BE_HIDDEN;08_ENEMY_BOSS_COMBAT;PERKELE!;src/entities/Boss.ts:137;src/entities/Boss.ts:137 | src/entities/LitmanenParody.ts:204
0418;CONDITIONAL;CONDITIONAL_MAY_BE_HIDDEN;08_ENEMY_BOSS_COMBAT;TAAS LOUKKAANNUIN!;src/entities/Boss.ts:138;src/entities/Boss.ts:138
0419;CONDITIONAL;CONDITIONAL_MAY_BE_HIDDEN;08_ENEMY_BOSS_COMBAT;SYSTEM ERROR!;src/entities/Boss.ts:141;src/entities/Boss.ts:141
0420;CONDITIONAL;CONDITIONAL_MAY_BE_HIDDEN;08_ENEMY_BOSS_COMBAT;MUN OSAKKEET!;src/entities/Boss.ts:142;src/entities/Boss.ts:142
0421;CONDITIONAL;CONDITIONAL_MAY_BE_HIDDEN;08_ENEMY_BOSS_COMBAT;CRASH DETECTED!;src/entities/Boss.ts:143;src/entities/Boss.ts:143
0422;CONDITIONAL;CONDITIONAL_MAY_BE_HIDDEN;08_ENEMY_BOSS_COMBAT;BOGEY! EI!;src/entities/Boss.ts:146;src/entities/Boss.ts:146
0423;CONDITIONAL;CONDITIONAL_MAY_BE_HIDDEN;08_ENEMY_BOSS_COMBAT;MUN POLO-PAITA!;src/entities/Boss.ts:147;src/entities/Boss.ts:147
0424;CONDITIONAL;CONDITIONAL_MAY_BE_HIDDEN;08_ENEMY_BOSS_COMBAT;OUT OF BOUNDS!;src/entities/Boss.ts:148;src/entities/Boss.ts:148
0425;CONDITIONAL;CONDITIONAL_MAY_BE_HIDDEN;08_ENEMY_BOSS_COMBAT;NÄITKÖ NYT MITÄ TEIT?;src/entities/Boss.ts:151;src/entities/Boss.ts:151
0426;CONDITIONAL;CONDITIONAL_MAY_BE_HIDDEN;08_ENEMY_BOSS_COMBAT;JÄÄ TÄHÄN, ÄLÄ LUISU!;src/entities/Boss.ts:152;src/entities/Boss.ts:152
0427;CONDITIONAL;CONDITIONAL_MAY_BE_HIDDEN;08_ENEMY_BOSS_COMBAT;HERMOT MENEE!;src/entities/Boss.ts:153;src/entities/Boss.ts:153
0428;CONDITIONAL;CONDITIONAL_MAY_BE_HIDDEN;08_ENEMY_BOSS_COMBAT;VAALIT HÄVIÄÄ!;src/entities/Boss.ts:156;src/entities/Boss.ts:156
0429;CONDITIONAL;CONDITIONAL_MAY_BE_HIDDEN;08_ENEMY_BOSS_COMBAT;MUN SUOSIO!;src/entities/Boss.ts:157;src/entities/Boss.ts:157
0430;CONDITIONAL;CONDITIONAL_MAY_BE_HIDDEN;08_ENEMY_BOSS_COMBAT;EI NÄIN!;src/entities/Boss.ts:158;src/entities/Boss.ts:158
0431;CONDITIONAL;CONDITIONAL_MAY_BE_HIDDEN;08_ENEMY_BOSS_COMBAT;BOSSI SAAPUU!;src/entities/Boss.ts:320;src/entities/Boss.ts:320
0432;CONDITIONAL;CONDITIONAL_MAY_BE_HIDDEN;08_ENEMY_BOSS_COMBAT;MIEHENI TULEE HOITAMAAN TÄMÄN!;src/entities/Boss.ts:611;src/entities/Boss.ts:611
0433;CONDITIONAL;CONDITIONAL_MAY_BE_HIDDEN;08_ENEMY_BOSS_COMBAT;TIEDÄTKÖ KUKA MINÄ OLEN?!!;src/entities/Boss.ts:628;src/entities/Boss.ts:628
0434;CONDITIONAL;CONDITIONAL_MAY_BE_HIDDEN;08_ENEMY_BOSS_COMBAT;-${...} HP!;src/entities/Boss.ts:662;src/entities/Boss.ts:662 | src/entities/Boss.ts:738 | src/entities/Boss.ts:780 | src/entities/Boss.ts:875 | src/entities/Boss.ts:982
0435;CONDITIONAL;CONDITIONAL_MAY_BE_HIDDEN;08_ENEMY_BOSS_COMBAT;HALUATKO MAISTAA ETERIÄ?!;src/entities/Boss.ts:670;src/entities/Boss.ts:670
0436;CONDITIONAL;CONDITIONAL_MAY_BE_HIDDEN;08_ENEMY_BOSS_COMBAT;ADD;src/entities/Boss.ts:691;src/entities/Boss.ts:691
0437;CONDITIONAL;CONDITIONAL_MAY_BE_HIDDEN;08_ENEMY_BOSS_COMBAT;VALKOINEN KULTA!;src/entities/Boss.ts:708;src/entities/Boss.ts:708
0438;CONDITIONAL;CONDITIONAL_MAY_BE_HIDDEN;08_ENEMY_BOSS_COMBAT;HOLE IN ONE, KÖYHÄ!;src/entities/Boss.ts:746;src/entities/Boss.ts:746
0439;CONDITIONAL;CONDITIONAL_MAY_BE_HIDDEN;08_ENEMY_BOSS_COMBAT;TÄSS SINULLE ISO JYTKY!;src/entities/Boss.ts:790;src/entities/Boss.ts:790
0440;CONDITIONAL;CONDITIONAL_MAY_BE_HIDDEN;08_ENEMY_BOSS_COMBAT;ISO JYTKY!;src/entities/Boss.ts:841;src/entities/Boss.ts:841
0441;CONDITIONAL;CONDITIONAL_MAY_BE_HIDDEN;08_ENEMY_BOSS_COMBAT;AJAX TULOSSA! JANSEN PAANSEN!;src/entities/Boss.ts:883;src/entities/Boss.ts:883
0442;CONDITIONAL;CONDITIONAL_MAY_BE_HIDDEN;08_ENEMY_BOSS_COMBAT;AJAX AMSTERDAM!;src/entities/Boss.ts:948;src/entities/Boss.ts:948
0443;CONDITIONAL;CONDITIONAL;08_ENEMY_BOSS_COMBAT;boss_${...};src/entities/BossFSM.ts:427;src/entities/BossFSM.ts:427
0444;CONDITIONAL;CONDITIONAL_MAY_BE_HIDDEN;08_ENEMY_BOSS_COMBAT;TÄMÄ LATU ON VARATTU!;src/entities/Enemy.ts:11;src/entities/Enemy.ts:11
0445;CONDITIONAL;CONDITIONAL_MAY_BE_HIDDEN;08_ENEMY_BOSS_COMBAT;VÄISTÄ TAI VÄISTÄN PUOLESTASI!;src/entities/Enemy.ts:12;src/entities/Enemy.ts:12
0446;CONDITIONAL;CONDITIONAL_MAY_BE_HIDDEN;08_ENEMY_BOSS_COMBAT;OSAATKO EDES LUKEA LATUMERKKEJÄ?!;src/entities/Enemy.ts:13;src/entities/Enemy.ts:13
0447;CONDITIONAL;CONDITIONAL_MAY_BE_HIDDEN;08_ENEMY_BOSS_COMBAT;KAHDEKSANSATAA EUROA SUKSET JA SÄ TUUT TÄHÄN?!;src/entities/Enemy.ts:14;src/entities/Enemy.ts:14
0448;CONDITIONAL;CONDITIONAL_MAY_BE_HIDDEN;08_ENEMY_BOSS_COMBAT;ESPOO ON SUOMEN MONACO!;src/entities/Enemy.ts:15;src/entities/Enemy.ts:15
0449;CONDITIONAL;CONDITIONAL_MAY_BE_HIDDEN;08_ENEMY_BOSS_COMBAT;KEHÄ KOLMOSEN SISÄPUOLELLA EI OO LATUJA!;src/entities/Enemy.ts:16;src/entities/Enemy.ts:16
0450;CONDITIONAL;CONDITIONAL_MAY_BE_HIDDEN;08_ENEMY_BOSS_COMBAT;SÄÄNNÖT ON KEKSITTY SUN TAKIA!;src/entities/Enemy.ts:17;src/entities/Enemy.ts:17
0451;CONDITIONAL;CONDITIONAL_MAY_BE_HIDDEN;08_ENEMY_BOSS_COMBAT;KAUSIKORTTI TASKUSSA, ASENNE KOHDILLAAN!;src/entities/Enemy.ts:18;src/entities/Enemy.ts:18
0452;CONDITIONAL;CONDITIONAL_MAY_BE_HIDDEN;08_ENEMY_BOSS_COMBAT;LATUPOLIISI ON SPEED DIALISSA!;src/entities/Enemy.ts:19;src/entities/Enemy.ts:19
0453;CONDITIONAL;CONDITIONAL_MAY_BE_HIDDEN;08_ENEMY_BOSS_COMBAT;TESLA LÄMMITTELEE PARKKIKSELLA!;src/entities/Enemy.ts:20;src/entities/Enemy.ts:20
0454;CONDITIONAL;CONDITIONAL_MAY_BE_HIDDEN;08_ENEMY_BOSS_COMBAT;OLIN TÄÄLLÄ ENNEN SUN SYNTYMÄÄ!;src/entities/Enemy.ts:23;src/entities/Enemy.ts:23
0455;CONDITIONAL;CONDITIONAL_MAY_BE_HIDDEN;08_ENEMY_BOSS_COMBAT;JURISTI VAIMONI HOITAA TÄMÄN!;src/entities/Enemy.ts:24;src/entities/Enemy.ts:24
0456;CONDITIONAL;CONDITIONAL_MAY_BE_HIDDEN;08_ENEMY_BOSS_COMBAT;GOOGLAA NIMENI!;src/entities/Enemy.ts:25;src/entities/Enemy.ts:25
0457;CONDITIONAL;CONDITIONAL_MAY_BE_HIDDEN;08_ENEMY_BOSS_COMBAT;GOLFKENTTÄ SULKI NIIN TULIN TÄNNE!;src/entities/Enemy.ts:26;src/entities/Enemy.ts:26
0458;CONDITIONAL;CONDITIONAL_MAY_BE_HIDDEN;08_ENEMY_BOSS_COMBAT;LAPSENI ON LAHJAKKAAMPI KUIN SINÄ!;src/entities/Enemy.ts:27;src/entities/Enemy.ts:27
0459;CONDITIONAL;CONDITIONAL_MAY_BE_HIDDEN;08_ENEMY_BOSS_COMBAT;WESTENDIN PARAS HIIHTOASU PÄÄLLÄ!;src/entities/Enemy.ts:28;src/entities/Enemy.ts:28
0460;CONDITIONAL;CONDITIONAL_MAY_BE_HIDDEN;08_ENEMY_BOSS_COMBAT;PADEL ON LIIAN HELPPOA MULLE!;src/entities/Enemy.ts:29;src/entities/Enemy.ts:29
0461;CONDITIONAL;CONDITIONAL_MAY_BE_HIDDEN;08_ENEMY_BOSS_COMBAT;SYKEMITTARINI ON KALLIIMPI KUIN ASUNTOSI!;src/entities/Enemy.ts:30;src/entities/Enemy.ts:30
0462;CONDITIONAL;CONDITIONAL_MAY_BE_HIDDEN;08_ENEMY_BOSS_COMBAT;KOIRAT KUULUU KOIRALADULLE!;src/entities/Enemy.ts:31;src/entities/Enemy.ts:31
0463;CONDITIONAL;CONDITIONAL_MAY_BE_HIDDEN;08_ENEMY_BOSS_COMBAT;LATU EI OO LEIKKIKENTTÄ!;src/entities/Enemy.ts:32;src/entities/Enemy.ts:32
0464;CONDITIONAL;CONDITIONAL_MAY_BE_HIDDEN;08_ENEMY_BOSS_COMBAT;MÖKKI NAANTALISSA, SIELÄ EI OO TÄLLAISIA!;src/entities/Enemy.ts:35;src/entities/Enemy.ts:35
0465;CONDITIONAL;CONDITIONAL_MAY_BE_HIDDEN;08_ENEMY_BOSS_COMBAT;HIIHDIN SDP:TÄ NOPEAMMIN!;src/entities/Enemy.ts:36;src/entities/Enemy.ts:36
0466;CONDITIONAL;CONDITIONAL_MAY_BE_HIDDEN;08_ENEMY_BOSS_COMBAT;HOT JOOGAN JÄLKEEN OON VAARALLINEN!;src/entities/Enemy.ts:37;src/entities/Enemy.ts:37
0467;CONDITIONAL;CONDITIONAL_MAY_BE_HIDDEN;08_ENEMY_BOSS_COMBAT;14 EURON SMOOTHIE VIRTAA SUONISSANI!;src/entities/Enemy.ts:38;src/entities/Enemy.ts:38
0468;CONDITIONAL;CONDITIONAL_MAY_BE_HIDDEN;08_ENEMY_BOSS_COMBAT;AUTONI PAINAA ENEMMÄN KUIN ELÄMÄSI!;src/entities/Enemy.ts:39;src/entities/Enemy.ts:39
0469;CONDITIONAL;CONDITIONAL_MAY_BE_HIDDEN;08_ENEMY_BOSS_COMBAT;VEGAANISUUS TEKEE MINUT YLIVOIMAISEKSI!;src/entities/Enemy.ts:40;src/entities/Enemy.ts:40
0470;CONDITIONAL;CONDITIONAL_MAY_BE_HIDDEN;08_ENEMY_BOSS_COMBAT;KOMBUCHALLA ON VOIMAA!;src/entities/Enemy.ts:41;src/entities/Enemy.ts:41
0471;CONDITIONAL;CONDITIONAL_MAY_BE_HIDDEN;08_ENEMY_BOSS_COMBAT;TUBETTAJA-PT OPETTI TÄMÄN LIIKKEEN!;src/entities/Enemy.ts:42;src/entities/Enemy.ts:42
0472;CONDITIONAL;CONDITIONAL_MAY_BE_HIDDEN;08_ENEMY_BOSS_COMBAT;ALEXA! SOITA LATUPOLIISI!;src/entities/Enemy.ts:43;src/entities/Enemy.ts:43
0473;CONDITIONAL;CONDITIONAL_MAY_BE_HIDDEN;08_ENEMY_BOSS_COMBAT;SUN ÄITIS TEKI MULLE AAMUPALAN!;src/entities/Enemy.ts:44;src/entities/Enemy.ts:44
0474;CONDITIONAL;CONDITIONAL_MAY_BE_HIDDEN;08_ENEMY_BOSS_COMBAT;PREMIUMILLA ON MERKITYSTÄ!;src/entities/Enemy.ts:47;src/entities/Enemy.ts:47
0475;CONDITIONAL;CONDITIONAL_MAY_BE_HIDDEN;08_ENEMY_BOSS_COMBAT;NFT:NI ON KOHTA ARVOKAS!;src/entities/Enemy.ts:48;src/entities/Enemy.ts:48
0476;CONDITIONAL;CONDITIONAL_MAY_BE_HIDDEN;08_ENEMY_BOSS_COMBAT;NAVIGAATTORI SANOO OLEVASI VÄÄRÄSSÄ!;src/entities/Enemy.ts:49;src/entities/Enemy.ts:49
0477;CONDITIONAL;CONDITIONAL_MAY_BE_HIDDEN;08_ENEMY_BOSS_COMBAT;PSYKOLOGINI VAROITTI SUN KALTAISISTA!;src/entities/Enemy.ts:50;src/entities/Enemy.ts:50
0478;CONDITIONAL;CONDITIONAL_MAY_BE_HIDDEN;08_ENEMY_BOSS_COMBAT;KOIRANI EI KESTÄ KÖYHIÄ!;src/entities/Enemy.ts:51;src/entities/Enemy.ts:51
0479;CONDITIONAL;CONDITIONAL_MAY_BE_HIDDEN;08_ENEMY_BOSS_COMBAT;WOLT TUO MULLE AVOKADOT TÄNNEKIN!;src/entities/Enemy.ts:52;src/entities/Enemy.ts:52
0480;CONDITIONAL;CONDITIONAL_MAY_BE_HIDDEN;08_ENEMY_BOSS_COMBAT;BIOHAKKEROINTI TEKI MINUT TÄYDELLISEKSI!;src/entities/Enemy.ts:53;src/entities/Enemy.ts:53
0481;CONDITIONAL;CONDITIONAL_MAY_BE_HIDDEN;08_ENEMY_BOSS_COMBAT;16:8 PAASTO ON ELÄMÄNTAPA!;src/entities/Enemy.ts:54;src/entities/Enemy.ts:54
0482;CONDITIONAL;CONDITIONAL_MAY_BE_HIDDEN;08_ENEMY_BOSS_COMBAT;GOLF-HANDICAP KOLME, MITÄ SULLA?;src/entities/Enemy.ts:55;src/entities/Enemy.ts:55
0483;CONDITIONAL;CONDITIONAL_MAY_BE_HIDDEN;08_ENEMY_BOSS_COMBAT;GUCCI-ASU, GUCCI-ASENNE!;src/entities/Enemy.ts:56;src/entities/Enemy.ts:56
0484;CONDITIONAL;CONDITIONAL_MAY_BE_HIDDEN;08_ENEMY_BOSS_COMBAT;HYPPIMINEN KIELLETTY TÄÄLLÄ!;src/entities/Enemy.ts:59;src/entities/Enemy.ts:59
0485;CONDITIONAL;CONDITIONAL_MAY_BE_HIDDEN;08_ENEMY_BOSS_COMBAT;COLD PLUNGE TEKI MINUT KOVAKSI!;src/entities/Enemy.ts:60;src/entities/Enemy.ts:60
0486;CONDITIONAL;CONDITIONAL_MAY_BE_HIDDEN;08_ENEMY_BOSS_COMBAT;KRYPTO PORTFOLIONI DOMINOI!;src/entities/Enemy.ts:61;src/entities/Enemy.ts:61
0487;CONDITIONAL;CONDITIONAL_MAY_BE_HIDDEN;08_ENEMY_BOSS_COMBAT;AMBIVERTTINÄ VIHAAN KAIKKIA TASAPUOLISESTI!;src/entities/Enemy.ts:62;src/entities/Enemy.ts:62
0488;CONDITIONAL;CONDITIONAL_MAY_BE_HIDDEN;08_ENEMY_BOSS_COMBAT;TERAPEUTTI KUULEE TÄSTÄ!;src/entities/Enemy.ts:63;src/entities/Enemy.ts:63
0489;CONDITIONAL;CONDITIONAL_MAY_BE_HIDDEN;08_ENEMY_BOSS_COMBAT;STRAVA-SEURANTANI NÄKEE KAIKEN!;src/entities/Enemy.ts:64;src/entities/Enemy.ts:64
0490;CONDITIONAL;CONDITIONAL_MAY_BE_HIDDEN;08_ENEMY_BOSS_COMBAT;HUONO AURASI PILAA PÄIVÄNI!;src/entities/Enemy.ts:65;src/entities/Enemy.ts:65
0491;CONDITIONAL;CONDITIONAL_MAY_BE_HIDDEN;08_ENEMY_BOSS_COMBAT;20 VUOTTA TÄÄLLÄ JA SÄ TUUT NYT?!;src/entities/Enemy.ts:66;src/entities/Enemy.ts:66
0492;CONDITIONAL;CONDITIONAL_MAY_BE_HIDDEN;08_ENEMY_BOSS_COMBAT;SE SAUVAKULMASI ON TÄYSIN VÄÄRIN!;src/entities/Enemy.ts:67;src/entities/Enemy.ts:67
0493;CONDITIONAL;CONDITIONAL_MAY_BE_HIDDEN;08_ENEMY_BOSS_COMBAT;30K SEURAAJAA ODOTTAA SISÄLTÖÄ!;src/entities/Enemy.ts:68;src/entities/Enemy.ts:68
0494;CONDITIONAL;CONDITIONAL_MAY_BE_HIDDEN;08_ENEMY_BOSS_COMBAT;LUNTA NAAMAAN!;src/entities/Enemy.ts:73;src/entities/Enemy.ts:73
0495;CONDITIONAL;CONDITIONAL_MAY_BE_HIDDEN;08_ENEMY_BOSS_COMBAT;NYT OPETELLAAN!;src/entities/Enemy.ts:74;src/entities/Enemy.ts:74
0496;CONDITIONAL;CONDITIONAL_MAY_BE_HIDDEN;08_ENEMY_BOSS_COMBAT;TÄMÄ ON OPETUSHETKI!;src/entities/Enemy.ts:75;src/entities/Enemy.ts:75
0497;CONDITIONAL;CONDITIONAL_MAY_BE_HIDDEN;08_ENEMY_BOSS_COMBAT;ESPOO-STYLE!;src/entities/Enemy.ts:76;src/entities/Enemy.ts:76
0498;CONDITIONAL;CONDITIONAL_MAY_BE_HIDDEN;08_ENEMY_BOSS_COMBAT;HÄPEÄ ITSEÄSI!;src/entities/Enemy.ts:77;src/entities/Enemy.ts:77
0499;CONDITIONAL;CONDITIONAL_MAY_BE_HIDDEN;08_ENEMY_BOSS_COMBAT;SUKSESI KUOLEE!;src/entities/Enemy.ts:78;src/entities/Enemy.ts:78
0500;CONDITIONAL;CONDITIONAL_MAY_BE_HIDDEN;08_ENEMY_BOSS_COMBAT;BRUNCHITON SUNNUNTAI SULLE!;src/entities/Enemy.ts:79;src/entities/Enemy.ts:79
0501;CONDITIONAL;CONDITIONAL_MAY_BE_HIDDEN;08_ENEMY_BOSS_COMBAT;PADEL-SMASH!;src/entities/Enemy.ts:80;src/entities/Enemy.ts:80
0502;CONDITIONAL;CONDITIONAL_MAY_BE_HIDDEN;08_ENEMY_BOSS_COMBAT;HIIHTOKOULU EI OPETTANUT TÄTÄ!;src/entities/Enemy.ts:81;src/entities/Enemy.ts:81
0503;CONDITIONAL;CONDITIONAL_MAY_BE_HIDDEN;08_ENEMY_BOSS_COMBAT;WESTEND SPECIAL!;src/entities/Enemy.ts:82;src/entities/Enemy.ts:82
0504;CONDITIONAL;CONDITIONAL_MAY_BE_HIDDEN;08_ENEMY_BOSS_COMBAT;ÄITINI KUULEE TÄSTÄ!;src/entities/Enemy.ts:83;src/entities/Enemy.ts:83
0505;CONDITIONAL;CONDITIONAL_MAY_BE_HIDDEN;08_ENEMY_BOSS_COMBAT;PULSSI 180, LYÖNTI TULOSSA!;src/entities/Enemy.ts:84;src/entities/Enemy.ts:84
0506;CONDITIONAL;CONDITIONAL_MAY_BE_HIDDEN;08_ENEMY_BOSS_COMBAT;PROTEIINIVOIMA!;src/entities/Enemy.ts:85;src/entities/Enemy.ts:85
0507;CONDITIONAL;CONDITIONAL_MAY_BE_HIDDEN;08_ENEMY_BOSS_COMBAT;AUTOPILOT HYÖKKÄYS!;src/entities/Enemy.ts:86;src/entities/Enemy.ts:86
0508;CONDITIONAL;CONDITIONAL_MAY_BE_HIDDEN;08_ENEMY_BOSS_COMBAT;GOLFLYÖNTI!;src/entities/Enemy.ts:87;src/entities/Enemy.ts:87
0509;CONDITIONAL;CONDITIONAL_MAY_BE_HIDDEN;08_ENEMY_BOSS_COMBAT;MINDFUL MUKILOINTI!;src/entities/Enemy.ts:88;src/entities/Enemy.ts:88
0510;CONDITIONAL;CONDITIONAL_MAY_BE_HIDDEN;08_ENEMY_BOSS_COMBAT;KOTIRUOKAENERGIA!;src/entities/Enemy.ts:89;src/entities/Enemy.ts:89
0511;CONDITIONAL;CONDITIONAL_MAY_BE_HIDDEN;08_ENEMY_BOSS_COMBAT;AVOKADO-ISKU!;src/entities/Enemy.ts:90;src/entities/Enemy.ts:90
0512;CONDITIONAL;CONDITIONAL_MAY_BE_HIDDEN;08_ENEMY_BOSS_COMBAT;PREMIUM-POTKU!;src/entities/Enemy.ts:91;src/entities/Enemy.ts:91
0513;CONDITIONAL;CONDITIONAL_MAY_BE_HIDDEN;08_ENEMY_BOSS_COMBAT;UNBOXING: SUN NAAMA!;src/entities/Enemy.ts:92;src/entities/Enemy.ts:92
0514;CONDITIONAL;CONDITIONAL_MAY_BE_HIDDEN;08_ENEMY_BOSS_COMBAT;TERVEELLINEN VÄKIVALTA!;src/entities/Enemy.ts:93;src/entities/Enemy.ts:93
0515;CONDITIONAL;CONDITIONAL_MAY_BE_HIDDEN;08_ENEMY_BOSS_COMBAT;HIIHTÄJÄN KUNNIA!;src/entities/Enemy.ts:94;src/entities/Enemy.ts:94
0516;CONDITIONAL;CONDITIONAL_MAY_BE_HIDDEN;08_ENEMY_BOSS_COMBAT;SUKSIVOIDE SUONISSA!;src/entities/Enemy.ts:95;src/entities/Enemy.ts:95
0517;CONDITIONAL;CONDITIONAL_MAY_BE_HIDDEN;08_ENEMY_BOSS_COMBAT;LAKTOOSITON LÄIMÄYTYS!;src/entities/Enemy.ts:96;src/entities/Enemy.ts:96
0518;CONDITIONAL;CONDITIONAL_MAY_BE_HIDDEN;08_ENEMY_BOSS_COMBAT;AU! GORE-TEX REPEÄÄ!;src/entities/Enemy.ts:101;src/entities/Enemy.ts:101
0519;CONDITIONAL;CONDITIONAL_MAY_BE_HIDDEN;08_ENEMY_BOSS_COMBAT;APUVA!;src/entities/Enemy.ts:102;src/entities/Enemy.ts:102
0520;CONDITIONAL;CONDITIONAL_MAY_BE_HIDDEN;08_ENEMY_BOSS_COMBAT;112! 112! 112!;src/entities/Enemy.ts:103;src/entities/Enemy.ts:103
0521;CONDITIONAL;CONDITIONAL_MAY_BE_HIDDEN;08_ENEMY_BOSS_COMBAT;SE TAKKI MAKSOI TONNIN!;src/entities/Enemy.ts:104;src/entities/Enemy.ts:104
0522;CONDITIONAL;CONDITIONAL_MAY_BE_HIDDEN;08_ENEMY_BOSS_COMBAT;NÄIN EI TEHTY TAPIOLASSA!;src/entities/Enemy.ts:105;src/entities/Enemy.ts:105
0523;CONDITIONAL;CONDITIONAL_MAY_BE_HIDDEN;08_ENEMY_BOSS_COMBAT;FACEBOOK-RYHMÄ KUULEE TÄSTÄ!;src/entities/Enemy.ts:106;src/entities/Enemy.ts:106 | src/utils.ts:841
0524;CONDITIONAL;CONDITIONAL_MAY_BE_HIDDEN;08_ENEMY_BOSS_COMBAT;APPLE WATCH HAJOSI!;src/entities/Enemy.ts:107;src/entities/Enemy.ts:107
0525;CONDITIONAL;CONDITIONAL_MAY_BE_HIDDEN;08_ENEMY_BOSS_COMBAT;TÄSTÄ TULEE INSTAGRAM-STORY!;src/entities/Enemy.ts:108;src/entities/Enemy.ts:108
0526;CONDITIONAL;CONDITIONAL_MAY_BE_HIDDEN;08_ENEMY_BOSS_COMBAT;HIUSTENVÄRJÄYS MENI PILALLE!;src/entities/Enemy.ts:109;src/entities/Enemy.ts:109
0527;CONDITIONAL;CONDITIONAL_MAY_BE_HIDDEN;08_ENEMY_BOSS_COMBAT;ÄITINI SOITTAA ISÄLLESI!;src/entities/Enemy.ts:110;src/entities/Enemy.ts:110
0528;CONDITIONAL;CONDITIONAL_MAY_BE_HIDDEN;08_ENEMY_BOSS_COMBAT;AURANI REPEÄÄ!;src/entities/Enemy.ts:111;src/entities/Enemy.ts:111
0529;CONDITIONAL;CONDITIONAL_MAY_BE_HIDDEN;08_ENEMY_BOSS_COMBAT;GOOGLE-ARVOSTELU TULOSSA!;src/entities/Enemy.ts:112;src/entities/Enemy.ts:112
0530;CONDITIONAL;CONDITIONAL_MAY_BE_HIDDEN;08_ENEMY_BOSS_COMBAT;KYNSILLE TULI NAARMU!;src/entities/Enemy.ts:113;src/entities/Enemy.ts:113
0531;CONDITIONAL;CONDITIONAL_MAY_BE_HIDDEN;08_ENEMY_BOSS_COMBAT;CHAKRANI SEKOITTUU!;src/entities/Enemy.ts:114;src/entities/Enemy.ts:114
0532;CONDITIONAL;CONDITIONAL_MAY_BE_HIDDEN;08_ENEMY_BOSS_COMBAT;TÄMÄ EI OLE WELLNESS!;src/entities/Enemy.ts:115;src/entities/Enemy.ts:115
0533;CONDITIONAL;CONDITIONAL_MAY_BE_HIDDEN;08_ENEMY_BOSS_COMBAT;SMOOTHIENI KAATUI!;src/entities/Enemy.ts:116;src/entities/Enemy.ts:116
0534;CONDITIONAL;CONDITIONAL_MAY_BE_HIDDEN;08_ENEMY_BOSS_COMBAT;JURISTI SPEED DIALISSA!;src/entities/Enemy.ts:117;src/entities/Enemy.ts:117
0535;CONDITIONAL;CONDITIONAL_MAY_BE_HIDDEN;08_ENEMY_BOSS_COMBAT;EGONI EI KESTÄ!;src/entities/Enemy.ts:118;src/entities/Enemy.ts:118
0536;CONDITIONAL;CONDITIONAL_MAY_BE_HIDDEN;08_ENEMY_BOSS_COMBAT;FLOW-TILA KATOSI!;src/entities/Enemy.ts:119;src/entities/Enemy.ts:119
0537;CONDITIONAL;CONDITIONAL_MAY_BE_HIDDEN;08_ENEMY_BOSS_COMBAT;HENGITYSHARJOITUS KESKEYTYY!;src/entities/Enemy.ts:120;src/entities/Enemy.ts:120
0538;CONDITIONAL;CONDITIONAL_MAY_BE_HIDDEN;08_ENEMY_BOSS_COMBAT;VAKAVASTI!? IHAN OIKEESTI!?;src/entities/Enemy.ts:121;src/entities/Enemy.ts:121
0539;CONDITIONAL;CONDITIONAL_MAY_BE_HIDDEN;08_ENEMY_BOSS_COMBAT;ISÄ TIETÄÄ IHMISIÄ!;src/entities/Enemy.ts:122;src/entities/Enemy.ts:122
0540;CONDITIONAL;CONDITIONAL_MAY_BE_HIDDEN;08_ENEMY_BOSS_COMBAT;SELF-CARE-PÄIVÄ PILALLA!;src/entities/Enemy.ts:123;src/entities/Enemy.ts:123
0541;CONDITIONAL;CONDITIONAL_MAY_BE_HIDDEN;08_ENEMY_BOSS_COMBAT;VAKUUTUS KORVAA!;src/entities/Enemy.ts:124;src/entities/Enemy.ts:124
0542;CONDITIONAL;CONDITIONAL_MAY_BE_HIDDEN;08_ENEMY_BOSS_COMBAT;DESIGNER-HANSKAT LIKAANTUI!;src/entities/Enemy.ts:125;src/entities/Enemy.ts:125
0543;CONDITIONAL;CONDITIONAL_MAY_BE_HIDDEN;08_ENEMY_BOSS_COMBAT;TÄSTÄ TEHDÄÄN PODCAST!;src/entities/Enemy.ts:126;src/entities/Enemy.ts:126
0544;CONDITIONAL;CONDITIONAL_MAY_BE_HIDDEN;08_ENEMY_BOSS_COMBAT;ILMOITAN KULUTTAJAVIRASTOON!;src/entities/Enemy.ts:127;src/entities/Enemy.ts:127
0545;CONDITIONAL;CONDITIONAL_MAY_BE_HIDDEN;08_ENEMY_BOSS_COMBAT;TÄTÄ EN TILANNUT!;src/entities/Enemy.ts:128;src/entities/Enemy.ts:128
0546;CONDITIONAL;CONDITIONAL_MAY_BE_HIDDEN;08_ENEMY_BOSS_COMBAT;Ei ollu dopingia!;src/entities/LitmanenParody.ts:33;src/entities/LitmanenParody.ts:33
0547;CONDITIONAL;CONDITIONAL_MAY_BE_HIDDEN;08_ENEMY_BOSS_COMBAT;Ajax Forever!;src/entities/LitmanenParody.ts:34;src/entities/LitmanenParody.ts:34
0548;CONDITIONAL;CONDITIONAL_MAY_BE_HIDDEN;08_ENEMY_BOSS_COMBAT;Olin vaan flunssassa!;src/entities/LitmanenParody.ts:35;src/entities/LitmanenParody.ts:35
0549;CONDITIONAL;CONDITIONAL_MAY_BE_HIDDEN;08_ENEMY_BOSS_COMBAT;Syytä lääkäriä!;src/entities/LitmanenParody.ts:36;src/entities/LitmanenParody.ts:36
0550;CONDITIONAL;CONDITIONAL_MAY_BE_HIDDEN;08_ENEMY_BOSS_COMBAT;Tää on salaliitto!;src/entities/LitmanenParody.ts:38;src/entities/LitmanenParody.ts:38
0551;CONDITIONAL;CONDITIONAL;08_ENEMY_BOSS_COMBAT;YOU THINK YOU CAN SKI?;src/entities/PeterSync.ts:11;src/entities/PeterSync.ts:11
0552;CONDITIONAL;CONDITIONAL;08_ENEMY_BOSS_COMBAT;THIS TRAIL IS MINE!;src/entities/PeterSync.ts:12;src/entities/PeterSync.ts:12
0553;CONDITIONAL;CONDITIONAL;08_ENEMY_BOSS_COMBAT;TOO SLOW, AMATEUR!;src/entities/PeterSync.ts:13;src/entities/PeterSync.ts:13
0554;CONDITIONAL;CONDITIONAL;08_ENEMY_BOSS_COMBAT;WATCH AND LEARN!;src/entities/PeterSync.ts:14;src/entities/PeterSync.ts:14
0555;CONDITIONAL;CONDITIONAL;08_ENEMY_BOSS_COMBAT;I OWN THIS ARENA!;src/entities/PeterSync.ts:15;src/entities/PeterSync.ts:15
0556;CONDITIONAL;CONDITIONAL;08_ENEMY_BOSS_COMBAT;STEP ASIDE, LOSER!;src/entities/PeterSync.ts:16;src/entities/PeterSync.ts:16
0557;CONDITIONAL;CONDITIONAL;08_ENEMY_BOSS_COMBAT;YOU CALL THAT SKIING?;src/entities/PeterSync.ts:17;src/entities/PeterSync.ts:17
0558;CONDITIONAL;CONDITIONAL;08_ENEMY_BOSS_COMBAT;PREPARE TO BE HUMILIATED!;src/entities/PeterSync.ts:18;src/entities/PeterSync.ts:18
0559;CONDITIONAL;CONDITIONAL;08_ENEMY_BOSS_COMBAT;PETER KANTELE RULES THE ICE!;src/entities/PeterSync.ts:19;src/entities/PeterSync.ts:19
0560;CONDITIONAL;CONDITIONAL;08_ENEMY_BOSS_COMBAT;YOU'RE NOT EVEN A CHALLENGE!;src/entities/PeterSync.ts:20;src/entities/PeterSync.ts:20
0561;CONDITIONAL;CONDITIONAL;08_ENEMY_BOSS_COMBAT;NOW I'M REALLY MAD!;src/entities/PeterSync.ts:24;src/entities/PeterSync.ts:24
0562;CONDITIONAL;CONDITIONAL;08_ENEMY_BOSS_COMBAT;YOU'LL REGRET THAT!;src/entities/PeterSync.ts:25;src/entities/PeterSync.ts:25
0563;CONDITIONAL;CONDITIONAL;08_ENEMY_BOSS_COMBAT;NO MORE MERCY!;src/entities/PeterSync.ts:26;src/entities/PeterSync.ts:26
0564;CONDITIONAL;CONDITIONAL;08_ENEMY_BOSS_COMBAT;MY OUTFIT!;src/entities/PeterSync.ts:30;src/entities/PeterSync.ts:30
0565;CONDITIONAL;CONDITIONAL;08_ENEMY_BOSS_COMBAT;YOU'LL PAY FOR THAT!;src/entities/PeterSync.ts:31;src/entities/PeterSync.ts:31
0566;CONDITIONAL;CONDITIONAL;08_ENEMY_BOSS_COMBAT;LUCKY SHOT!;src/entities/PeterSync.ts:32;src/entities/PeterSync.ts:32
0567;CONDITIONAL;CONDITIONAL;08_ENEMY_BOSS_COMBAT;TIME TO TURN UP THE BEAT!;src/entities/PeterSync.ts:348;src/entities/PeterSync.ts:348
0568;CONDITIONAL;CONDITIONAL;08_ENEMY_BOSS_COMBAT;DISCO INFERNO!;src/entities/PeterSync.ts:386;src/entities/PeterSync.ts:386
0569;CONDITIONAL;CONDITIONAL;08_ENEMY_BOSS_COMBAT;THE MUSIC... STOPS...;src/entities/PeterSyncFSM.ts:488;src/entities/PeterSyncFSM.ts:488
0570;NO;NOT_USED_NOW_HIDDEN_BY_DEFAULT;08_ENEMY_BOSS_COMBAT;KOMBO 1;src/humor/HumorPack.ts:37;src/humor/HumorPack.ts:37
0571;NO;NOT_USED_NOW_HIDDEN_BY_DEFAULT;08_ENEMY_BOSS_COMBAT;KOMBO 2;src/humor/HumorPack.ts:38;src/humor/HumorPack.ts:38
0572;NO;NOT_USED_NOW_HIDDEN_BY_DEFAULT;08_ENEMY_BOSS_COMBAT;KOMBO 3;src/humor/HumorPack.ts:39;src/humor/HumorPack.ts:39
0573;NO;NOT_USED_NOW_HIDDEN_BY_DEFAULT;08_ENEMY_BOSS_COMBAT;KOMBO 4;src/humor/HumorPack.ts:40;src/humor/HumorPack.ts:40
0574;NO;NOT_USED_NOW_HIDDEN_BY_DEFAULT;08_ENEMY_BOSS_COMBAT;KOMBO 5;src/humor/HumorPack.ts:41;src/humor/HumorPack.ts:41
0575;NO;NOT_USED_NOW_HIDDEN_BY_DEFAULT;08_ENEMY_BOSS_COMBAT;Kriittinen osuma!;src/humor/HumorPack.ts:45;src/humor/HumorPack.ts:45
0576;NO;NOT_USED_NOW_HIDDEN_BY_DEFAULT;08_ENEMY_BOSS_COMBAT;Täysosuma!;src/humor/HumorPack.ts:46;src/humor/HumorPack.ts:46
0577;NO;NOT_USED_NOW_HIDDEN_BY_DEFAULT;08_ENEMY_BOSS_COMBAT;Napakka isku!;src/humor/HumorPack.ts:47;src/humor/HumorPack.ts:47
0578;NO;NOT_USED_NOW_HIDDEN_BY_DEFAULT;08_ENEMY_BOSS_COMBAT;Väistö onnistui!;src/humor/HumorPack.ts:51;src/humor/HumorPack.ts:51
0579;NO;NOT_USED_NOW_HIDDEN_BY_DEFAULT;08_ENEMY_BOSS_COMBAT;Läheltä piti!;src/humor/HumorPack.ts:52;src/humor/HumorPack.ts:52
0580;NO;NOT_USED_NOW_HIDDEN_BY_DEFAULT;08_ENEMY_BOSS_COMBAT;Sivuaskel onnistui!;src/humor/HumorPack.ts:53;src/humor/HumorPack.ts:53
0581;NO;NOT_USED_NOW_HIDDEN_BY_DEFAULT;08_ENEMY_BOSS_COMBAT;SAAVUTUS: Selviydyit ilman kirosanaa.;src/humor/HumorPack.ts:61;src/humor/HumorPack.ts:61
0582;NO;NOT_USED_NOW_HIDDEN_BY_DEFAULT;08_ENEMY_BOSS_COMBAT;SAAVUTUS: Voltti väärässä paikassa 10 kertaa.;src/humor/HumorPack.ts:62;src/humor/HumorPack.ts:62
0583;NO;NOT_USED_NOW_HIDDEN_BY_DEFAULT;08_ENEMY_BOSS_COMBAT;SAAVUTUS: Käytit Raivoa heti sen valmistuttua.;src/humor/HumorPack.ts:63;src/humor/HumorPack.ts:63
0584;NO;NOT_USED_NOW_HIDDEN_BY_DEFAULT;08_ENEMY_BOSS_COMBAT;Heikkous: rakentava palaute;src/humor/HumorPack.ts:71;src/humor/HumorPack.ts:71
0585;NO;NOT_USED_NOW_HIDDEN_BY_DEFAULT;08_ENEMY_BOSS_COMBAT;Mene pois eestä, tai saat kepistä!;src/humor/HumorPack.ts:77;src/humor/HumorPack.ts:77
0586;NO;NOT_USED_NOW_HIDDEN_BY_DEFAULT;08_ENEMY_BOSS_COMBAT;Varo tai saat kyytiä!;src/humor/HumorPack.ts:78;src/humor/HumorPack.ts:78
0587;NO;NOT_USED_NOW_HIDDEN_BY_DEFAULT;08_ENEMY_BOSS_COMBAT;Vi*** pelle, nyt väistät!;src/humor/HumorPack.ts:79;src/humor/HumorPack.ts:79
0588;NO;NOT_USED_NOW_HIDDEN_BY_DEFAULT;08_ENEMY_BOSS_COMBAT;Latu on mun, painu sivuun!;src/humor/HumorPack.ts:80;src/humor/HumorPack.ts:80
0589;NO;NOT_USED_NOW_HIDDEN_BY_DEFAULT;08_ENEMY_BOSS_COMBAT;Raivo päälle, nyt rytisee!;src/humor/HumorPack.ts:81;src/humor/HumorPack.ts:81
0590;NO;NOT_USED_NOW_HIDDEN_BY_DEFAULT;08_ENEMY_BOSS_COMBAT;Älä testaa mua, en jarruta!;src/humor/HumorPack.ts:82;src/humor/HumorPack.ts:82
0591;NO;NOT_USED_NOW_HIDDEN_BY_DEFAULT;08_ENEMY_BOSS_COMBAT;Saat sauvasta jos et väistä!;src/humor/HumorPack.ts:83;src/humor/HumorPack.ts:83
0592;NO;NOT_USED_NOW_HIDDEN_BY_DEFAULT;08_ENEMY_BOSS_COMBAT;Nyt mennään läpi vaikka väkisin!;src/humor/HumorPack.ts:84;src/humor/HumorPack.ts:84
0593;NO;NOT_USED_NOW_HIDDEN_BY_DEFAULT;08_ENEMY_BOSS_COMBAT;Ai sa***na, osui kunnolla!;src/humor/HumorPack.ts:88;src/humor/HumorPack.ts:88
0594;NO;NOT_USED_NOW_HIDDEN_BY_DEFAULT;08_ENEMY_BOSS_COMBAT;Vi*** mikä osuma!;src/humor/HumorPack.ts:89;src/humor/HumorPack.ts:89
0595;NO;NOT_USED_NOW_HIDDEN_BY_DEFAULT;08_ENEMY_BOSS_COMBAT;Sattui, mutta nyt suututtaa!;src/humor/HumorPack.ts:90;src/humor/HumorPack.ts:90
0596;NO;NOT_USED_NOW_HIDDEN_BY_DEFAULT;08_ENEMY_BOSS_COMBAT;Nyt meni kuppi nurin!;src/humor/HumorPack.ts:91;src/humor/HumorPack.ts:91
0597;NO;NOT_USED_NOW_HIDDEN_BY_DEFAULT;08_ENEMY_BOSS_COMBAT;Tuosta vielä maksetaan takaisin!;src/humor/HumorPack.ts:92;src/humor/HumorPack.ts:92
0598;NO;NOT_USED_NOW_HIDDEN_BY_DEFAULT;08_ENEMY_BOSS_COMBAT;Energia loppumassa.;src/humor/HumorPack.ts:101;src/humor/HumorPack.ts:101
0599;NO;NOT_USED_NOW_HIDDEN_BY_DEFAULT;08_ENEMY_BOSS_COMBAT;Varoitus: energia matala.;src/humor/HumorPack.ts:102;src/humor/HumorPack.ts:102
0600;NO;NOT_USED_NOW_HIDDEN_BY_DEFAULT;08_ENEMY_BOSS_COMBAT;Elämäpisteet matalat.;src/humor/HumorPack.ts:105;src/humor/HumorPack.ts:105
0601;NO;NOT_USED_NOW_HIDDEN_BY_DEFAULT;08_ENEMY_BOSS_COMBAT;Varoitus: terveys matala.;src/humor/HumorPack.ts:106;src/humor/HumorPack.ts:106
0602;NO;NOT_USED_NOW_HIDDEN_BY_DEFAULT;08_ENEMY_BOSS_COMBAT;Energia täynnä.;src/humor/HumorPack.ts:109;src/humor/HumorPack.ts:109
0603;NO;NOT_USED_NOW_HIDDEN_BY_DEFAULT;08_ENEMY_BOSS_COMBAT;Elämäpisteet palautettu.;src/humor/HumorPack.ts:112;src/humor/HumorPack.ts:112
0604;CONDITIONAL;CONDITIONAL_MAY_BE_HIDDEN;08_ENEMY_BOSS_COMBAT;"updateMeleeTrigger: invalid facingDirection ""${...}"", falling back to ""right""";src/utils.ts:99;src/utils.ts:99
0605;CONDITIONAL;CONDITIONAL_MAY_BE_HIDDEN;08_ENEMY_BOSS_COMBAT;"resetOriginAndOffset: invalid facingDirection ""${...}"", falling back to ""right""";src/utils.ts:150;src/utils.ts:150
0606;CONDITIONAL;CONDITIONAL_MAY_BE_HIDDEN;08_ENEMY_BOSS_COMBAT;resetOriginAndOffset: animations metadata missing, using default origin/offset values;src/utils.ts:158;src/utils.ts:158
0607;CONDITIONAL;CONDITIONAL_MAY_BE_HIDDEN;08_ENEMY_BOSS_COMBAT;resetOriginAndOffset: animation config not found for key: ${...}, using defaults;src/utils.ts:174;src/utils.ts:174
0608;CONDITIONAL;CONDITIONAL_MAY_BE_HIDDEN;08_ENEMY_BOSS_COMBAT;initScale input parameter maxDisplayHeight and maxDisplayWidth cannot be undefined at the same time;src/utils.ts:234;src/utils.ts:234
0609;CONDITIONAL;CONDITIONAL_MAY_BE_HIDDEN;08_ENEMY_BOSS_COMBAT;1200€ SUKSET JA NÄIN KÄVI?!;src/utils.ts:401;src/utils.ts:401
0610;CONDITIONAL;CONDITIONAL_MAY_BE_HIDDEN;08_ENEMY_BOSS_COMBAT;LAKIMIES KUULEE TÄSTÄ!;src/utils.ts:402;src/utils.ts:402
0611;CONDITIONAL;CONDITIONAL_MAY_BE_HIDDEN;08_ENEMY_BOSS_COMBAT;TUNNEN ESPOON KAUPUNGINJOHTAJAN!;src/utils.ts:403;src/utils.ts:403
0612;CONDITIONAL;CONDITIONAL_MAY_BE_HIDDEN;08_ENEMY_BOSS_COMBAT;ALOITIN JUST PADELIN!;src/utils.ts:404;src/utils.ts:404
0613;CONDITIONAL;CONDITIONAL_MAY_BE_HIDDEN;08_ENEMY_BOSS_COMBAT;TESLA JÄÄTYY PARKKIKSELLE!;src/utils.ts:405;src/utils.ts:405
0614;CONDITIONAL;CONDITIONAL_MAY_BE_HIDDEN;08_ENEMY_BOSS_COMBAT;AINO-SOFIA EI SAA TIETÄÄ!;src/utils.ts:406;src/utils.ts:406
0615;CONDITIONAL;CONDITIONAL_MAY_BE_HIDDEN;08_ENEMY_BOSS_COMBAT;PT VAROITTI TÄSTÄ!;src/utils.ts:407;src/utils.ts:407
0616;CONDITIONAL;CONDITIONAL_MAY_BE_HIDDEN;08_ENEMY_BOSS_COMBAT;VEROVÄHENNYS MENETETTY!;src/utils.ts:408;src/utils.ts:408
0617;CONDITIONAL;CONDITIONAL_MAY_BE_HIDDEN;08_ENEMY_BOSS_COMBAT;NAAPURIT KUULEE!;src/utils.ts:409;src/utils.ts:409
0618;CONDITIONAL;CONDITIONAL_MAY_BE_HIDDEN;08_ENEMY_BOSS_COMBAT;WESTEND MENETTI PARHAANSA!;src/utils.ts:410;src/utils.ts:410
0619;CONDITIONAL;CONDITIONAL_MAY_BE_HIDDEN;08_ENEMY_BOSS_COMBAT;AIRPODSIT LENTÄÄ!;src/utils.ts:411;src/utils.ts:411
0620;CONDITIONAL;CONDITIONAL_MAY_BE_HIDDEN;08_ENEMY_BOSS_COMBAT;VERONMAKSAJA KAATUU!;src/utils.ts:412;src/utils.ts:412
0621;CONDITIONAL;CONDITIONAL_MAY_BE_HIDDEN;08_ENEMY_BOSS_COMBAT;COACH EI PUHUNUT TÄSTÄ!;src/utils.ts:413;src/utils.ts:413
0622;CONDITIONAL;CONDITIONAL_MAY_BE_HIDDEN;08_ENEMY_BOSS_COMBAT;MITEN LINKEDIN-POSTAUKSENI?!;src/utils.ts:414;src/utils.ts:414
0623;CONDITIONAL;CONDITIONAL_MAY_BE_HIDDEN;08_ENEMY_BOSS_COMBAT;PADEL-VARAUS MENEE HUKKAAN!;src/utils.ts:415;src/utils.ts:415
0624;CONDITIONAL;CONDITIONAL_MAY_BE_HIDDEN;08_ENEMY_BOSS_COMBAT;KAIKKI SAUNAVUOROT TURHA!;src/utils.ts:416;src/utils.ts:416
0625;CONDITIONAL;CONDITIONAL_MAY_BE_HIDDEN;08_ENEMY_BOSS_COMBAT;KESÄMÖKKISUUNNITELMAT ROMUTTUU!;src/utils.ts:417;src/utils.ts:417
0626;CONDITIONAL;CONDITIONAL_MAY_BE_HIDDEN;08_ENEMY_BOSS_COMBAT;GOLF-JÄSENYYS PÄÄTTYY NÄIN?!;src/utils.ts:418;src/utils.ts:418
0627;CONDITIONAL;CONDITIONAL_MAY_BE_HIDDEN;08_ENEMY_BOSS_COMBAT;HODL... IKUISESTI...;src/utils.ts:425;src/utils.ts:425
0628;CONDITIONAL;CONDITIONAL_MAY_BE_HIDDEN;08_ENEMY_BOSS_COMBAT;EI MULLA OLLU PRIVATE KEYT!;src/utils.ts:426;src/utils.ts:426
0629;CONDITIONAL;CONDITIONAL_MAY_BE_HIDDEN;08_ENEMY_BOSS_COMBAT;BITCOIN KORJAA... EI KORJAA...;src/utils.ts:427;src/utils.ts:427
0630;CONDITIONAL;CONDITIONAL_MAY_BE_HIDDEN;08_ENEMY_BOSS_COMBAT;NFT:T HÄVIÄÄ MUKANA!;src/utils.ts:428;src/utils.ts:428
0631;CONDITIONAL;CONDITIONAL_MAY_BE_HIDDEN;08_ENEMY_BOSS_COMBAT;TÄMÄ ON VAIN... DIP... permanentti dip...;src/utils.ts:429;src/utils.ts:429
0632;CONDITIONAL;CONDITIONAL_MAY_BE_HIDDEN;08_ENEMY_BOSS_COMBAT;WAGMI... EIKU...;src/utils.ts:430;src/utils.ts:430
0633;CONDITIONAL;CONDITIONAL_MAY_BE_HIDDEN;08_ENEMY_BOSS_COMBAT;LEDGER VARASTETAAN!;src/utils.ts:431;src/utils.ts:431
0634;CONDITIONAL;CONDITIONAL_MAY_BE_HIDDEN;08_ENEMY_BOSS_COMBAT;TIMANTTIKÄDET MURSKAKSI!;src/utils.ts:432;src/utils.ts:432
0635;CONDITIONAL;CONDITIONAL_MAY_BE_HIDDEN;08_ENEMY_BOSS_COMBAT;ELON! TWIITTAA JOTAIN!;src/utils.ts:433;src/utils.ts:433
0636;CONDITIONAL;CONDITIONAL_MAY_BE_HIDDEN;08_ENEMY_BOSS_COMBAT;LAMBO... EHKÄ ENSI ELÄMÄSSÄ...;src/utils.ts:434;src/utils.ts:434
0637;CONDITIONAL;CONDITIONAL_MAY_BE_HIDDEN;08_ENEMY_BOSS_COMBAT;KUKA MYI?! KEN MYI?!;src/utils.ts:435;src/utils.ts:435
0638;CONDITIONAL;CONDITIONAL_MAY_BE_HIDDEN;08_ENEMY_BOSS_COMBAT;TO THE MOON... YKSIN...;src/utils.ts:436;src/utils.ts:436 | src/utils.ts:859
0639;CONDITIONAL;CONDITIONAL_MAY_BE_HIDDEN;08_ENEMY_BOSS_COMBAT;VIINILASI KAATUU LUMEEN!;src/utils.ts:441;src/utils.ts:441
0640;CONDITIONAL;CONDITIONAL_MAY_BE_HIDDEN;08_ENEMY_BOSS_COMBAT;BOOK CLUB EI USKO TÄTÄ!;src/utils.ts:442;src/utils.ts:442
0641;CONDITIONAL;CONDITIONAL_MAY_BE_HIDDEN;08_ENEMY_BOSS_COMBAT;ROSÉ ALL DAY... LOPPUU...;src/utils.ts:443;src/utils.ts:443
0642;CONDITIONAL;CONDITIONAL_MAY_BE_HIDDEN;08_ENEMY_BOSS_COMBAT;PROSECCO-BRUNCHI PERUUNTUU!;src/utils.ts:444;src/utils.ts:444
0643;CONDITIONAL;CONDITIONAL_MAY_BE_HIDDEN;08_ENEMY_BOSS_COMBAT;GIRLS NIGHT KESKEYTYY!;src/utils.ts:445;src/utils.ts:445
0644;CONDITIONAL;CONDITIONAL_MAY_BE_HIDDEN;08_ENEMY_BOSS_COMBAT;YOGA-RETREATTI OLI TURHA!;src/utils.ts:446;src/utils.ts:446
0645;CONDITIONAL;CONDITIONAL_MAY_BE_HIDDEN;08_ENEMY_BOSS_COMBAT;MINDFULNESS EI AUTA NYT!;src/utils.ts:447;src/utils.ts:447
0646;CONDITIONAL;CONDITIONAL_MAY_BE_HIDDEN;08_ENEMY_BOSS_COMBAT;WELLNESS-MATKA JÄI KESKEN!;src/utils.ts:448;src/utils.ts:448
0647;CONDITIONAL;CONDITIONAL_MAY_BE_HIDDEN;08_ENEMY_BOSS_COMBAT;LAPSET NÄKEE TÄMÄN!;src/utils.ts:449;src/utils.ts:449
0648;CONDITIONAL;CONDITIONAL_MAY_BE_HIDDEN;08_ENEMY_BOSS_COMBAT;STORY JÄÄÄ POSTAAMATTA!;src/utils.ts:450;src/utils.ts:450
0649;CONDITIONAL;CONDITIONAL_MAY_BE_HIDDEN;08_ENEMY_BOSS_COMBAT;ÄITIRYHMÄ KESKUSTELEE!;src/utils.ts:451;src/utils.ts:451
0650;CONDITIONAL;CONDITIONAL_MAY_BE_HIDDEN;08_ENEMY_BOSS_COMBAT;DRINKKINI LÄIKKYY!;src/utils.ts:452;src/utils.ts:452 | src/utils.ts:611
0651;CONDITIONAL;CONDITIONAL_MAY_BE_HIDDEN;08_ENEMY_BOSS_COMBAT;SOITAN TAKASIN! ...tai en...;src/utils.ts:457;src/utils.ts:457
0652;CONDITIONAL;CONDITIONAL_MAY_BE_HIDDEN;08_ENEMY_BOSS_COMBAT;AIRPODS MAX LENTÄÄ!;src/utils.ts:458;src/utils.ts:458
0653;CONDITIONAL;CONDITIONAL_MAY_BE_HIDDEN;08_ENEMY_BOSS_COMBAT;OOTAS, PUHELU... katkee...;src/utils.ts:459;src/utils.ts:459
0654;CONDITIONAL;CONDITIONAL_MAY_BE_HIDDEN;08_ENEMY_BOSS_COMBAT;FACETIME NÄYTTÄÄ KAIKEN!;src/utils.ts:460;src/utils.ts:460
0655;CONDITIONAL;CONDITIONAL_MAY_BE_HIDDEN;08_ENEMY_BOSS_COMBAT;BLUETOOTH YHTEYS KATKEAA!;src/utils.ts:461;src/utils.ts:461
0656;CONDITIONAL;CONDITIONAL_MAY_BE_HIDDEN;08_ENEMY_BOSS_COMBAT;VIDEOPUHELU SAA PÄÄTÖKSEN!;src/utils.ts:462;src/utils.ts:462
0657;CONDITIONAL;CONDITIONAL_MAY_BE_HIDDEN;08_ENEMY_BOSS_COMBAT;KOKOUS PÄÄTTYY NÄIN!;src/utils.ts:463;src/utils.ts:463
0658;CONDITIONAL;CONDITIONAL_MAY_BE_HIDDEN;08_ENEMY_BOSS_COMBAT;TEAMS-MEETING STRIIMAA TÄTÄ!;src/utils.ts:464;src/utils.ts:464
0659;CONDITIONAL;CONDITIONAL_MAY_BE_HIDDEN;08_ENEMY_BOSS_COMBAT;ÄITI NÄKEE ZOOMISSA!;src/utils.ts:465;src/utils.ts:465
0660;CONDITIONAL;CONDITIONAL_MAY_BE_HIDDEN;08_ENEMY_BOSS_COMBAT;SOITTOÄÄNI VAIKENEE!;src/utils.ts:466;src/utils.ts:466
0661;CONDITIONAL;CONDITIONAL_MAY_BE_HIDDEN;08_ENEMY_BOSS_COMBAT;KALENTERIIN: KUOLEMA 15:30;src/utils.ts:467;src/utils.ts:467
0662;CONDITIONAL;CONDITIONAL_MAY_BE_HIDDEN;08_ENEMY_BOSS_COMBAT;OUTLOOK REMINDER TURHA!;src/utils.ts:468;src/utils.ts:468
0663;CONDITIONAL;CONDITIONAL_MAY_BE_HIDDEN;08_ENEMY_BOSS_COMBAT;SPOTIFY-LISTA KESKETYY!;src/utils.ts:473;src/utils.ts:473
0664;CONDITIONAL;CONDITIONAL_MAY_BE_HIDDEN;08_ENEMY_BOSS_COMBAT;PODCAST JÄÄÄ KUULEMATTA!;src/utils.ts:474;src/utils.ts:474
0665;CONDITIONAL;CONDITIONAL_MAY_BE_HIDDEN;08_ENEMY_BOSS_COMBAT;NOISE CANCELLING TOIMI LIIANKIN HYVIN!;src/utils.ts:475;src/utils.ts:475
0666;CONDITIONAL;CONDITIONAL_MAY_BE_HIDDEN;08_ENEMY_BOSS_COMBAT;EN KUULLUT MITÄÄN! KIRJAIMELLISESTI!;src/utils.ts:476;src/utils.ts:476
0667;CONDITIONAL;CONDITIONAL_MAY_BE_HIDDEN;08_ENEMY_BOSS_COMBAT;BEATS PUTOS!;src/utils.ts:477;src/utils.ts:477
0668;CONDITIONAL;CONDITIONAL_MAY_BE_HIDDEN;08_ENEMY_BOSS_COMBAT;ÄÄNIKIRJA OLI JUURI JÄNNÄSSÄ KOHDASSA!;src/utils.ts:478;src/utils.ts:478
0669;CONDITIONAL;CONDITIONAL_MAY_BE_HIDDEN;08_ENEMY_BOSS_COMBAT;TRUE WIRELESS, TRUE KUOLEMA!;src/utils.ts:479;src/utils.ts:479
0670;CONDITIONAL;CONDITIONAL_MAY_BE_HIDDEN;08_ENEMY_BOSS_COMBAT;MIKÄ SE BIISI OLIKAAN...;src/utils.ts:480;src/utils.ts:480
0671;CONDITIONAL;CONDITIONAL_MAY_BE_HIDDEN;08_ENEMY_BOSS_COMBAT;PREMIUM TURHA!;src/utils.ts:481;src/utils.ts:481
0672;CONDITIONAL;CONDITIONAL_MAY_BE_HIDDEN;08_ENEMY_BOSS_COMBAT;SHUFFLE SHUFFLASI ELÄMÄNI!;src/utils.ts:482;src/utils.ts:482
0673;CONDITIONAL;CONDITIONAL_MAY_BE_HIDDEN;08_ENEMY_BOSS_COMBAT;BASSO TIPPU!;src/utils.ts:483;src/utils.ts:483
0674;CONDITIONAL;CONDITIONAL_MAY_BE_HIDDEN;08_ENEMY_BOSS_COMBAT;KUUNTELIN MEDITAATIOTA!;src/utils.ts:484;src/utils.ts:484
0675;CONDITIONAL;CONDITIONAL_MAY_BE_HIDDEN;08_ENEMY_BOSS_COMBAT;PADEL ON PAREMPI KUIN... kaikki...;src/utils.ts:489;src/utils.ts:489
0676;CONDITIONAL;CONDITIONAL_MAY_BE_HIDDEN;08_ENEMY_BOSS_COMBAT;MAILA TIPPUU!;src/utils.ts:490;src/utils.ts:490
0677;CONDITIONAL;CONDITIONAL_MAY_BE_HIDDEN;08_ENEMY_BOSS_COMBAT;VARAUS MENI HUKKAAN!;src/utils.ts:491;src/utils.ts:491
0678;CONDITIONAL;CONDITIONAL_MAY_BE_HIDDEN;08_ENEMY_BOSS_COMBAT;ELO-RANKING LASKEE!;src/utils.ts:492;src/utils.ts:492
0679;CONDITIONAL;CONDITIONAL_MAY_BE_HIDDEN;08_ENEMY_BOSS_COMBAT;MATCH POINT SINULLE, PELI MULLE!;src/utils.ts:493;src/utils.ts:493
0680;CONDITIONAL;CONDITIONAL_MAY_BE_HIDDEN;08_ENEMY_BOSS_COMBAT;60€ KENTTÄAIKA MENI HARAKOILLE!;src/utils.ts:494;src/utils.ts:494
0681;CONDITIONAL;CONDITIONAL_MAY_BE_HIDDEN;08_ENEMY_BOSS_COMBAT;ESPANJAN PADEL-LOMA PERUUNTUU!;src/utils.ts:495;src/utils.ts:495
0682;CONDITIONAL;CONDITIONAL_MAY_BE_HIDDEN;08_ENEMY_BOSS_COMBAT;RANNE ANTOI PERIKSI!;src/utils.ts:496;src/utils.ts:496
0683;CONDITIONAL;CONDITIONAL_MAY_BE_HIDDEN;08_ENEMY_BOSS_COMBAT;COACH EI VAROITTANUT!;src/utils.ts:497;src/utils.ts:497
0684;CONDITIONAL;CONDITIONAL_MAY_BE_HIDDEN;08_ENEMY_BOSS_COMBAT;LASI HAJOSI... SIIS KENTÄN LASI!;src/utils.ts:498;src/utils.ts:498
0685;CONDITIONAL;CONDITIONAL_MAY_BE_HIDDEN;08_ENEMY_BOSS_COMBAT;PAREJA EI LÖYDY ENÄÄ!;src/utils.ts:499;src/utils.ts:499
0686;CONDITIONAL;CONDITIONAL_MAY_BE_HIDDEN;08_ENEMY_BOSS_COMBAT;SYKEMITTARI PYSÄHTYY!;src/utils.ts:504;src/utils.ts:504
0687;CONDITIONAL;CONDITIONAL_MAY_BE_HIDDEN;08_ENEMY_BOSS_COMBAT;INTERVALLIT KESKEYTYI PAHASTI!;src/utils.ts:505;src/utils.ts:505
0688;CONDITIONAL;CONDITIONAL_MAY_BE_HIDDEN;08_ENEMY_BOSS_COMBAT;SAUVAT LENTÄÄ!;src/utils.ts:506;src/utils.ts:506
0689;CONDITIONAL;CONDITIONAL_MAY_BE_HIDDEN;08_ENEMY_BOSS_COMBAT;STRAVA EI SAANUT TÄTÄ TALTEEN!;src/utils.ts:507;src/utils.ts:507
0690;CONDITIONAL;CONDITIONAL_MAY_BE_HIDDEN;08_ENEMY_BOSS_COMBAT;GPS-KELLO KADOTTI SIGNAALIN!;src/utils.ts:508;src/utils.ts:508
0691;CONDITIONAL;CONDITIONAL_MAY_BE_HIDDEN;08_ENEMY_BOSS_COMBAT;10K ASKELTA PUUTTUU!;src/utils.ts:509;src/utils.ts:509
0692;CONDITIONAL;CONDITIONAL_MAY_BE_HIDDEN;08_ENEMY_BOSS_COMBAT;POLVET ANTOI PERIKSI!;src/utils.ts:510;src/utils.ts:510
0693;CONDITIONAL;CONDITIONAL_MAY_BE_HIDDEN;08_ENEMY_BOSS_COMBAT;RASVANPOLTO PÄÄTTYI!;src/utils.ts:511;src/utils.ts:511
0694;CONDITIONAL;CONDITIONAL_MAY_BE_HIDDEN;08_ENEMY_BOSS_COMBAT;PT EI MAININNUT TÄSTÄ!;src/utils.ts:512;src/utils.ts:512
0695;CONDITIONAL;CONDITIONAL_MAY_BE_HIDDEN;08_ENEMY_BOSS_COMBAT;JUOKSUKENGÄT EI AUTTANUT!;src/utils.ts:513;src/utils.ts:513
0696;CONDITIONAL;CONDITIONAL_MAY_BE_HIDDEN;08_ENEMY_BOSS_COMBAT;VO2MAX LOPPU!;src/utils.ts:514;src/utils.ts:514
0697;CONDITIONAL;CONDITIONAL_MAY_BE_HIDDEN;08_ENEMY_BOSS_COMBAT;COOPER-TESTI EPÄONNISTUU!;src/utils.ts:515;src/utils.ts:515
0698;CONDITIONAL;CONDITIONAL_MAY_BE_HIDDEN;08_ENEMY_BOSS_COMBAT;NOSTATKO SÄ EDES?!;src/utils.ts:520;src/utils.ts:520
0699;CONDITIONAL;CONDITIONAL_MAY_BE_HIDDEN;08_ENEMY_BOSS_COMBAT;WOD KESKEYTYI!;src/utils.ts:521;src/utils.ts:521
0700;CONDITIONAL;CONDITIONAL_MAY_BE_HIDDEN;08_ENEMY_BOSS_COMBAT;BURPEES... IKUISESTI... eiku...;src/utils.ts:522;src/utils.ts:522
0701;CONDITIONAL;CONDITIONAL_MAY_BE_HIDDEN;08_ENEMY_BOSS_COMBAT;CROSSFIT-BOKSI MENETTÄÄ JÄSENEN!;src/utils.ts:523;src/utils.ts:523
0702;CONDITIONAL;CONDITIONAL_MAY_BE_HIDDEN;08_ENEMY_BOSS_COMBAT;GAINSSIT KATOSI!;src/utils.ts:524;src/utils.ts:524
0703;CONDITIONAL;CONDITIONAL_MAY_BE_HIDDEN;08_ENEMY_BOSS_COMBAT;PROTEIINISHEIKKI VALUI!;src/utils.ts:525;src/utils.ts:525
0704;CONDITIONAL;CONDITIONAL_MAY_BE_HIDDEN;08_ENEMY_BOSS_COMBAT;OVERHEAD SQUAT FEILASI!;src/utils.ts:526;src/utils.ts:526
0705;CONDITIONAL;CONDITIONAL_MAY_BE_HIDDEN;08_ENEMY_BOSS_COMBAT;PUNTTEJA EI VOI KULJETTAA MUKAAN!;src/utils.ts:527;src/utils.ts:527
0706;CONDITIONAL;CONDITIONAL_MAY_BE_HIDDEN;08_ENEMY_BOSS_COMBAT;SNATCH MISSASI!;src/utils.ts:528;src/utils.ts:528
0707;CONDITIONAL;CONDITIONAL_MAY_BE_HIDDEN;08_ENEMY_BOSS_COMBAT;BRO... SPLIT... PYSYVÄSTI...;src/utils.ts:529;src/utils.ts:529
0708;CONDITIONAL;CONDITIONAL_MAY_BE_HIDDEN;08_ENEMY_BOSS_COMBAT;KEHO ON TEMPPELI... RAUNIO...;src/utils.ts:530;src/utils.ts:530
0709;CONDITIONAL;CONDITIONAL_MAY_BE_HIDDEN;08_ENEMY_BOSS_COMBAT;PR JÄÄÄ TEKEMÄTTÄ!;src/utils.ts:531;src/utils.ts:531
0710;CONDITIONAL;CONDITIONAL_MAY_BE_HIDDEN;08_ENEMY_BOSS_COMBAT;FOLLOWERSIT EI NÄE TÄTÄ!;src/utils.ts:536;src/utils.ts:536
0711;CONDITIONAL;CONDITIONAL_MAY_BE_HIDDEN;08_ENEMY_BOSS_COMBAT;TÄMÄ EI OLE INSTAGRAMMABLE!;src/utils.ts:537;src/utils.ts:537
0712;CONDITIONAL;CONDITIONAL_MAY_BE_HIDDEN;08_ENEMY_BOSS_COMBAT;ENGAGEMENT RATE TIPPUU!;src/utils.ts:538;src/utils.ts:538
0713;CONDITIONAL;CONDITIONAL_MAY_BE_HIDDEN;08_ENEMY_BOSS_COMBAT;CONTENT... WAS... KING...;src/utils.ts:539;src/utils.ts:539
0714;CONDITIONAL;CONDITIONAL_MAY_BE_HIDDEN;08_ENEMY_BOSS_COMBAT;BRAND DEAL PERUUNTUU!;src/utils.ts:540;src/utils.ts:540
0715;CONDITIONAL;CONDITIONAL_MAY_BE_HIDDEN;08_ENEMY_BOSS_COMBAT;MIKÄÄN FILTTERI EI AUTA TÄHÄN!;src/utils.ts:541;src/utils.ts:541
0716;CONDITIONAL;CONDITIONAL_MAY_BE_HIDDEN;08_ENEMY_BOSS_COMBAT;AESTHETIC MENI!;src/utils.ts:542;src/utils.ts:542
0717;CONDITIONAL;CONDITIONAL_MAY_BE_HIDDEN;08_ENEMY_BOSS_COMBAT;STORY JÄÄÄ IKUISESTI POSTAAMATTA!;src/utils.ts:543;src/utils.ts:543
0718;CONDITIONAL;CONDITIONAL_MAY_BE_HIDDEN;08_ENEMY_BOSS_COMBAT;COLLAB CANCELLED!;src/utils.ts:544;src/utils.ts:544
0719;CONDITIONAL;CONDITIONAL_MAY_BE_HIDDEN;08_ENEMY_BOSS_COMBAT;LIKE AND SUBSCRIBE... TAIVAASEEN...;src/utils.ts:545;src/utils.ts:545
0720;CONDITIONAL;CONDITIONAL_MAY_BE_HIDDEN;08_ENEMY_BOSS_COMBAT;ALGORITMI HYLKÄÄ!;src/utils.ts:546;src/utils.ts:546
0721;CONDITIONAL;CONDITIONAL_MAY_BE_HIDDEN;08_ENEMY_BOSS_COMBAT;VIIMEINEN POSTAUS!;src/utils.ts:547;src/utils.ts:547
0722;CONDITIONAL;CONDITIONAL_MAY_BE_HIDDEN;08_ENEMY_BOSS_COMBAT;SIJAINTI SIJAINTI KUOLEMA!;src/utils.ts:552;src/utils.ts:552
0723;CONDITIONAL;CONDITIONAL_MAY_BE_HIDDEN;08_ENEMY_BOSS_COMBAT;MYYNTILISTA LYHENEE!;src/utils.ts:553;src/utils.ts:553
0724;CONDITIONAL;CONDITIONAL_MAY_BE_HIDDEN;08_ENEMY_BOSS_COMBAT;TÄMÄ OLI UPEA TILAISUUS!;src/utils.ts:554;src/utils.ts:554
0725;CONDITIONAL;CONDITIONAL_MAY_BE_HIDDEN;08_ENEMY_BOSS_COMBAT;NÄYTTÖ PERUUNTUU PYSYVÄSTI!;src/utils.ts:555;src/utils.ts:555
0726;CONDITIONAL;CONDITIONAL_MAY_BE_HIDDEN;08_ENEMY_BOSS_COMBAT;PROVISIO JÄÄ SAAMATTA!;src/utils.ts:556;src/utils.ts:556
0727;CONDITIONAL;CONDITIONAL_MAY_BE_HIDDEN;08_ENEMY_BOSS_COMBAT;ASUNTO-OSAKKEET MYYMÄTTÄ!;src/utils.ts:557;src/utils.ts:557
0728;CONDITIONAL;CONDITIONAL_MAY_BE_HIDDEN;08_ENEMY_BOSS_COMBAT;KÄYNTIKORTTEJA EI ENÄÄ TARVITA!;src/utils.ts:558;src/utils.ts:558
0729;CONDITIONAL;CONDITIONAL_MAY_BE_HIDDEN;08_ENEMY_BOSS_COMBAT;TARJOUKSIA EI ENÄÄ TULE!;src/utils.ts:559;src/utils.ts:559
0730;CONDITIONAL;CONDITIONAL_MAY_BE_HIDDEN;08_ENEMY_BOSS_COMBAT;HINTA OLI NEUVOTELTAVISSA!;src/utils.ts:560;src/utils.ts:560
0731;CONDITIONAL;CONDITIONAL_MAY_BE_HIDDEN;08_ENEMY_BOSS_COMBAT;AVOIMET OVET SULKEUTUU!;src/utils.ts:561;src/utils.ts:561
0732;CONDITIONAL;CONDITIONAL_MAY_BE_HIDDEN;08_ENEMY_BOSS_COMBAT;ASUNTOKAUPPA KARIUTUU!;src/utils.ts:562;src/utils.ts:562
0733;CONDITIONAL;CONDITIONAL_MAY_BE_HIDDEN;08_ENEMY_BOSS_COMBAT;ETUOVI.COM POISTAA ILMOITUKSEN!;src/utils.ts:563;src/utils.ts:563
0734;CONDITIONAL;CONDITIONAL_MAY_BE_HIDDEN;08_ENEMY_BOSS_COMBAT;PYÖRÄ HAJOSI!;src/utils.ts:568;src/utils.ts:568
0735;CONDITIONAL;CONDITIONAL_MAY_BE_HIDDEN;08_ENEMY_BOSS_COMBAT;PYÖRÄILIJÄN OIKEUDET TALLOTTU!;src/utils.ts:569;src/utils.ts:569
0736;CONDITIONAL;CONDITIONAL_MAY_BE_HIDDEN;08_ENEMY_BOSS_COMBAT;KYPÄRÄ EI RIITTÄNYT!;src/utils.ts:570;src/utils.ts:570
0737;CONDITIONAL;CONDITIONAL_MAY_BE_HIDDEN;08_ENEMY_BOSS_COMBAT;PYÖRÄTIE OLI MINUN!;src/utils.ts:571;src/utils.ts:571
0738;CONDITIONAL;CONDITIONAL_MAY_BE_HIDDEN;08_ENEMY_BOSS_COMBAT;SHIMANO-VAIHTEET VAURIOITUI!;src/utils.ts:572;src/utils.ts:572
0739;CONDITIONAL;CONDITIONAL_MAY_BE_HIDDEN;08_ENEMY_BOSS_COMBAT;PYÖRÄKAISTAT OLIS TARVINNUT!;src/utils.ts:573;src/utils.ts:573
0740;CONDITIONAL;CONDITIONAL_MAY_BE_HIDDEN;08_ENEMY_BOSS_COMBAT;LYCRA REPESI!;src/utils.ts:574;src/utils.ts:574
0741;CONDITIONAL;CONDITIONAL_MAY_BE_HIDDEN;08_ENEMY_BOSS_COMBAT;AUTOILIJAT VOITTI... tällä kertaa...;src/utils.ts:575;src/utils.ts:575
0742;CONDITIONAL;CONDITIONAL_MAY_BE_HIDDEN;08_ENEMY_BOSS_COMBAT;FILLARI RUTISTUI!;src/utils.ts:576;src/utils.ts:576
0743;CONDITIONAL;CONDITIONAL_MAY_BE_HIDDEN;08_ENEMY_BOSS_COMBAT;CRITICAL MASS JATKUU ILMAN MINUA!;src/utils.ts:577;src/utils.ts:577
0744;CONDITIONAL;CONDITIONAL_MAY_BE_HIDDEN;08_ENEMY_BOSS_COMBAT;POLKUPYÖRÄVAKUUTUS!;src/utils.ts:578;src/utils.ts:578
0745;CONDITIONAL;CONDITIONAL_MAY_BE_HIDDEN;08_ENEMY_BOSS_COMBAT;KETJUT KATKESI!;src/utils.ts:579;src/utils.ts:579
0746;CONDITIONAL;CONDITIONAL_MAY_BE_HIDDEN;08_ENEMY_BOSS_COMBAT;AKKU LOPPU... MINÄKIN!;src/utils.ts:584;src/utils.ts:584
0747;CONDITIONAL;CONDITIONAL_MAY_BE_HIDDEN;08_ENEMY_BOSS_COMBAT;LIME TIME OVER!;src/utils.ts:585;src/utils.ts:585
0748;CONDITIONAL;CONDITIONAL_MAY_BE_HIDDEN;08_ENEMY_BOSS_COMBAT;TIER TIPAHTAA!;src/utils.ts:586;src/utils.ts:586
0749;CONDITIONAL;CONDITIONAL_MAY_BE_HIDDEN;08_ENEMY_BOSS_COMBAT;15KM/H EI RIITTÄNYT PAKOON!;src/utils.ts:587;src/utils.ts:587
0750;CONDITIONAL;CONDITIONAL_MAY_BE_HIDDEN;08_ENEMY_BOSS_COMBAT;VUOKRA-AIKA PÄÄTTYI!;src/utils.ts:588;src/utils.ts:588
0751;CONDITIONAL;CONDITIONAL_MAY_BE_HIDDEN;08_ENEMY_BOSS_COMBAT;JALKAKÄYTÄVÄ VOITTI!;src/utils.ts:589;src/utils.ts:589
0752;CONDITIONAL;CONDITIONAL_MAY_BE_HIDDEN;08_ENEMY_BOSS_COMBAT;VOI VIETIIN!;src/utils.ts:590;src/utils.ts:590
0753;CONDITIONAL;CONDITIONAL_MAY_BE_HIDDEN;08_ENEMY_BOSS_COMBAT;SKUUTTI SKUUTTAA POIS!;src/utils.ts:591;src/utils.ts:591
0754;CONDITIONAL;CONDITIONAL_MAY_BE_HIDDEN;08_ENEMY_BOSS_COMBAT;VIIMEINEN KYYTI!;src/utils.ts:592;src/utils.ts:592
0755;CONDITIONAL;CONDITIONAL_MAY_BE_HIDDEN;08_ENEMY_BOSS_COMBAT;SÄHKÖ SAMMUI!;src/utils.ts:593;src/utils.ts:593
0756;CONDITIONAL;CONDITIONAL_MAY_BE_HIDDEN;08_ENEMY_BOSS_COMBAT;PARKKEERASIN VÄÄRIN!;src/utils.ts:594;src/utils.ts:594
0757;CONDITIONAL;CONDITIONAL_MAY_BE_HIDDEN;08_ENEMY_BOSS_COMBAT;KAUPUNKIPYÖRÄ OLIS OLLUT TURVALLISEMPI!;src/utils.ts:595;src/utils.ts:595
0758;CONDITIONAL;CONDITIONAL_MAY_BE_HIDDEN;08_ENEMY_BOSS_COMBAT;HIC... MISSÄS TÄÄ ON...?;src/utils.ts:600;src/utils.ts:600
0759;CONDITIONAL;CONDITIONAL_MAY_BE_HIDDEN;08_ENEMY_BOSS_COMBAT;KALJA KAATU!;src/utils.ts:601;src/utils.ts:601
0760;CONDITIONAL;CONDITIONAL_MAY_BE_HIDDEN;08_ENEMY_BOSS_COMBAT;LONKERO... viimeinen...;src/utils.ts:602;src/utils.ts:602
0761;CONDITIONAL;CONDITIONAL_MAY_BE_HIDDEN;08_ENEMY_BOSS_COMBAT;EN OLE EDES KÄNNISSÄ! ...niin kännissä...;src/utils.ts:603;src/utils.ts:603
0762;CONDITIONAL;CONDITIONAL_MAY_BE_HIDDEN;08_ENEMY_BOSS_COMBAT;KARHU KARKASI!;src/utils.ts:604;src/utils.ts:604
0763;CONDITIONAL;CONDITIONAL_MAY_BE_HIDDEN;08_ENEMY_BOSS_COMBAT;SEURAAVA KIERROS PERUUNTUU!;src/utils.ts:605;src/utils.ts:605
0764;CONDITIONAL;CONDITIONAL_MAY_BE_HIDDEN;08_ENEMY_BOSS_COMBAT;TERASSIKAUSI PÄÄTTYI!;src/utils.ts:606;src/utils.ts:606
0765;CONDITIONAL;CONDITIONAL_MAY_BE_HIDDEN;08_ENEMY_BOSS_COMBAT;LISÄÄ SKUMPPAA... EIKU...;src/utils.ts:607;src/utils.ts:607
0766;CONDITIONAL;CONDITIONAL_MAY_BE_HIDDEN;08_ENEMY_BOSS_COMBAT;AFTER SKI AFTER LIFE!;src/utils.ts:608;src/utils.ts:608
0767;CONDITIONAL;CONDITIONAL_MAY_BE_HIDDEN;08_ENEMY_BOSS_COMBAT;KIPPIS! HIC! ...kuolema...;src/utils.ts:609;src/utils.ts:609
0768;CONDITIONAL;CONDITIONAL_MAY_BE_HIDDEN;08_ENEMY_BOSS_COMBAT;BAARI SULKEUTUU!;src/utils.ts:610;src/utils.ts:610
0769;CONDITIONAL;CONDITIONAL_MAY_BE_HIDDEN;08_ENEMY_BOSS_COMBAT;TUPAKKA SAMMU!;src/utils.ts:616;src/utils.ts:616
0770;CONDITIONAL;CONDITIONAL_MAY_BE_HIDDEN;08_ENEMY_BOSS_COMBAT;VIIMEISET HENKOSET!;src/utils.ts:617;src/utils.ts:617
0771;CONDITIONAL;CONDITIONAL_MAY_BE_HIDDEN;08_ENEMY_BOSS_COMBAT;SÄHKÖTUPAKKA HAJOSI!;src/utils.ts:618;src/utils.ts:618
0772;CONDITIONAL;CONDITIONAL_MAY_BE_HIDDEN;08_ENEMY_BOSS_COMBAT;VAPE NATION... FALLEN...;src/utils.ts:619;src/utils.ts:619
0773;CONDITIONAL;CONDITIONAL_MAY_BE_HIDDEN;08_ENEMY_BOSS_COMBAT;NIKOTIINIVIEROITUS ALKAA!;src/utils.ts:620;src/utils.ts:620
0774;CONDITIONAL;CONDITIONAL_MAY_BE_HIDDEN;08_ENEMY_BOSS_COMBAT;RÖÖKITAUKO PÄÄTTYI!;src/utils.ts:621;src/utils.ts:621
0775;CONDITIONAL;CONDITIONAL_MAY_BE_HIDDEN;08_ENEMY_BOSS_COMBAT;MARLBORO MIES KAATUI!;src/utils.ts:622;src/utils.ts:622
0776;CONDITIONAL;CONDITIONAL_MAY_BE_HIDDEN;08_ENEMY_BOSS_COMBAT;TÄMÄ OLIKIN VIIMEINEN!;src/utils.ts:623;src/utils.ts:623
0777;CONDITIONAL;CONDITIONAL_MAY_BE_HIDDEN;08_ENEMY_BOSS_COMBAT;MENTHOL-MAKU KATOSI!;src/utils.ts:624;src/utils.ts:624
0778;CONDITIONAL;CONDITIONAL_MAY_BE_HIDDEN;08_ENEMY_BOSS_COMBAT;VAROITUS PAKETIN KYLJESSÄ OLI TOTTA!;src/utils.ts:625;src/utils.ts:625
0779;CONDITIONAL;CONDITIONAL_MAY_BE_HIDDEN;08_ENEMY_BOSS_COMBAT;SAVUA ILMAN TULTA... eiku...;src/utils.ts:626;src/utils.ts:626
0780;CONDITIONAL;CONDITIONAL_MAY_BE_HIDDEN;08_ENEMY_BOSS_COMBAT;KEUHKOT KIITTÄÄ... EI OIKEESTI!;src/utils.ts:627;src/utils.ts:627
0781;CONDITIONAL;CONDITIONAL_MAY_BE_HIDDEN;08_ENEMY_BOSS_COMBAT;MEIDÄN AIKAAN KUNNIOITETTIIN VANHUKSIA!;src/utils.ts:632;src/utils.ts:632
0782;CONDITIONAL;CONDITIONAL_MAY_BE_HIDDEN;08_ENEMY_BOSS_COMBAT;NUORISO NYKYÄÄN...;src/utils.ts:633;src/utils.ts:633
0783;CONDITIONAL;CONDITIONAL_MAY_BE_HIDDEN;08_ENEMY_BOSS_COMBAT;LONKAT PETTI!;src/utils.ts:634;src/utils.ts:634
0784;CONDITIONAL;CONDITIONAL_MAY_BE_HIDDEN;08_ENEMY_BOSS_COMBAT;ENNEN OLI PAREMMIN!;src/utils.ts:635;src/utils.ts:635
0785;CONDITIONAL;CONDITIONAL_MAY_BE_HIDDEN;08_ENEMY_BOSS_COMBAT;ROLLAATTORI KAATUI!;src/utils.ts:636;src/utils.ts:636
0786;CONDITIONAL;CONDITIONAL_MAY_BE_HIDDEN;08_ENEMY_BOSS_COMBAT;ELÄKE MENI TURHUUTEEN!;src/utils.ts:637;src/utils.ts:637
0787;CONDITIONAL;CONDITIONAL_MAY_BE_HIDDEN;08_ENEMY_BOSS_COMBAT;VERENPAINEET NOUSI!;src/utils.ts:638;src/utils.ts:638
0788;CONDITIONAL;CONDITIONAL_MAY_BE_HIDDEN;08_ENEMY_BOSS_COMBAT;KYLLÄ MÄ VIELÄ... EIKU EN...;src/utils.ts:639;src/utils.ts:639
0789;CONDITIONAL;CONDITIONAL_MAY_BE_HIDDEN;08_ENEMY_BOSS_COMBAT;TERVEYSKESKUS EI AUTA ENÄÄ!;src/utils.ts:640;src/utils.ts:640
0790;CONDITIONAL;CONDITIONAL_MAY_BE_HIDDEN;08_ENEMY_BOSS_COMBAT;ENNEN TÄÄLLÄ OLI KUNNIOITUSTA!;src/utils.ts:641;src/utils.ts:641
0791;CONDITIONAL;CONDITIONAL_MAY_BE_HIDDEN;08_ENEMY_BOSS_COMBAT;KELAN LOMAKE JÄÄ TÄYTTÄMÄTTÄ!;src/utils.ts:642;src/utils.ts:642
0792;CONDITIONAL;CONDITIONAL_MAY_BE_HIDDEN;08_ENEMY_BOSS_COMBAT;APTEEKKI JÄÄ KÄYMÄTTÄ!;src/utils.ts:643;src/utils.ts:643
0793;CONDITIONAL;CONDITIONAL_MAY_BE_HIDDEN;08_ENEMY_BOSS_COMBAT;LAPSET JUOSKAA! ...liian myöhään...;src/utils.ts:648;src/utils.ts:648
0794;CONDITIONAL;CONDITIONAL_MAY_BE_HIDDEN;08_ENEMY_BOSS_COMBAT;ÄITIYSLOMA PÄÄTTYI NÄIN?!;src/utils.ts:649;src/utils.ts:649
0795;CONDITIONAL;CONDITIONAL_MAY_BE_HIDDEN;08_ENEMY_BOSS_COMBAT;RATTAAT KAATUI!;src/utils.ts:650;src/utils.ts:650
0796;CONDITIONAL;CONDITIONAL_MAY_BE_HIDDEN;08_ENEMY_BOSS_COMBAT;PERHEAUTO JÄÄÄ YKSIN!;src/utils.ts:651;src/utils.ts:651
0797;CONDITIONAL;CONDITIONAL_MAY_BE_HIDDEN;08_ENEMY_BOSS_COMBAT;ISÄNPÄIVÄ PILALLA!;src/utils.ts:652;src/utils.ts:652
0798;CONDITIONAL;CONDITIONAL_MAY_BE_HIDDEN;08_ENEMY_BOSS_COMBAT;LASTENHOITAJA SAA LISÄTYÖTÄ!;src/utils.ts:653;src/utils.ts:653
0799;CONDITIONAL;CONDITIONAL_MAY_BE_HIDDEN;08_ENEMY_BOSS_COMBAT;ÄITIPIIRI SAA AIHETTA!;src/utils.ts:654;src/utils.ts:654
0800;CONDITIONAL;CONDITIONAL_MAY_BE_HIDDEN;08_ENEMY_BOSS_COMBAT;NEUVOLA EI VAROITTANUT!;src/utils.ts:655;src/utils.ts:655
0801;CONDITIONAL;CONDITIONAL_MAY_BE_HIDDEN;08_ENEMY_BOSS_COMBAT;LAPSET ENSIN... SITTEN VANHEMMAT...;src/utils.ts:656;src/utils.ts:656
0802;CONDITIONAL;CONDITIONAL_MAY_BE_HIDDEN;08_ENEMY_BOSS_COMBAT;VAUVAVUOSI PÄÄTTYI!;src/utils.ts:657;src/utils.ts:657
0803;CONDITIONAL;CONDITIONAL_MAY_BE_HIDDEN;08_ENEMY_BOSS_COMBAT;PÄIVÄKOTIPAIKKOJA VAPAUTUU!;src/utils.ts:658;src/utils.ts:658
0804;CONDITIONAL;CONDITIONAL_MAY_BE_HIDDEN;08_ENEMY_BOSS_COMBAT;PIRKKO-TÄTI HOITAA NYT!;src/utils.ts:659;src/utils.ts:659
0805;CONDITIONAL;CONDITIONAL_MAY_BE_HIDDEN;08_ENEMY_BOSS_COMBAT;VOLVO XC90 ROMUTTUU!;src/utils.ts:664;src/utils.ts:664
0806;CONDITIONAL;CONDITIONAL_MAY_BE_HIDDEN;08_ENEMY_BOSS_COMBAT;YKSITYISKOULU ODOTTAA TURHAAN!;src/utils.ts:665;src/utils.ts:665
0807;CONDITIONAL;CONDITIONAL_MAY_BE_HIDDEN;08_ENEMY_BOSS_COMBAT;RANGE ROVER RANKKASI!;src/utils.ts:666;src/utils.ts:666
0808;CONDITIONAL;CONDITIONAL_MAY_BE_HIDDEN;08_ENEMY_BOSS_COMBAT;PENKINLÄMMITYS EI AUTA!;src/utils.ts:667;src/utils.ts:667
0809;CONDITIONAL;CONDITIONAL_MAY_BE_HIDDEN;08_ENEMY_BOSS_COMBAT;BMW X7 RÄJÄHTI!;src/utils.ts:668;src/utils.ts:668
0810;CONDITIONAL;CONDITIONAL_MAY_BE_HIDDEN;08_ENEMY_BOSS_COMBAT;NELIVETO EI RIITTÄNYT!;src/utils.ts:669;src/utils.ts:669
0811;CONDITIONAL;CONDITIONAL_MAY_BE_HIDDEN;08_ENEMY_BOSS_COMBAT;PARKKIRUUTU JÄÄ TYHJÄKSI!;src/utils.ts:670;src/utils.ts:670
0812;CONDITIONAL;CONDITIONAL_MAY_BE_HIDDEN;08_ENEMY_BOSS_COMBAT;AUTOPESU PERUUNTUU!;src/utils.ts:671;src/utils.ts:671
0813;CONDITIONAL;CONDITIONAL_MAY_BE_HIDDEN;08_ENEMY_BOSS_COMBAT;AUTOETU PÄÄTTYY!;src/utils.ts:672;src/utils.ts:672
0814;CONDITIONAL;CONDITIONAL_MAY_BE_HIDDEN;08_ENEMY_BOSS_COMBAT;LEASING LOPPU!;src/utils.ts:673;src/utils.ts:673
0815;CONDITIONAL;CONDITIONAL_MAY_BE_HIDDEN;08_ENEMY_BOSS_COMBAT;VAKUUTUSYHTIÖ EI KORVAA!;src/utils.ts:674;src/utils.ts:674
0816;CONDITIONAL;CONDITIONAL_MAY_BE_HIDDEN;08_ENEMY_BOSS_COMBAT;HUOLTOKIRJA SULKEUTUU!;src/utils.ts:675;src/utils.ts:675
0817;CONDITIONAL;CONDITIONAL_MAY_BE_HIDDEN;08_ENEMY_BOSS_COMBAT;FIAT PANDA ROMPSI!;src/utils.ts:680;src/utils.ts:680
0818;CONDITIONAL;CONDITIONAL_MAY_BE_HIDDEN;08_ENEMY_BOSS_COMBAT;SPOILERI SPOILATTIIN!;src/utils.ts:681;src/utils.ts:681
0819;CONDITIONAL;CONDITIONAL_MAY_BE_HIDDEN;08_ENEMY_BOSS_COMBAT;TÄYSLEDIT SAMMUU!;src/utils.ts:682;src/utils.ts:682
0820;CONDITIONAL;CONDITIONAL_MAY_BE_HIDDEN;08_ENEMY_BOSS_COMBAT;SUBWOOFERI HILJENI!;src/utils.ts:683;src/utils.ts:683
0821;CONDITIONAL;CONDITIONAL_MAY_BE_HIDDEN;08_ENEMY_BOSS_COMBAT;MADALLUS MAADOITTI!;src/utils.ts:684;src/utils.ts:684
0822;CONDITIONAL;CONDITIONAL_MAY_BE_HIDDEN;08_ENEMY_BOSS_COMBAT;MOOTTORI SAMMU!;src/utils.ts:685;src/utils.ts:685
0823;CONDITIONAL;CONDITIONAL_MAY_BE_HIDDEN;08_ENEMY_BOSS_COMBAT;RACING STRIPES EI RIITTÄNYT!;src/utils.ts:686;src/utils.ts:686
0824;CONDITIONAL;CONDITIONAL_MAY_BE_HIDDEN;08_ENEMY_BOSS_COMBAT;NITRO TYHJÄ!;src/utils.ts:687;src/utils.ts:687
0825;CONDITIONAL;CONDITIONAL_MAY_BE_HIDDEN;08_ENEMY_BOSS_COMBAT;NEONVALOT PIMENI!;src/utils.ts:688;src/utils.ts:688
0826;CONDITIONAL;CONDITIONAL_MAY_BE_HIDDEN;08_ENEMY_BOSS_COMBAT;VAUHTI LOPPU!;src/utils.ts:689;src/utils.ts:689
0827;CONDITIONAL;CONDITIONAL_MAY_BE_HIDDEN;08_ENEMY_BOSS_COMBAT;KATSELUAUTO KATSELTIIN!;src/utils.ts:690;src/utils.ts:690
0828;CONDITIONAL;CONDITIONAL_MAY_BE_HIDDEN;08_ENEMY_BOSS_COMBAT;VIIMEINEN KAAHARI!;src/utils.ts:691;src/utils.ts:691
0829;CONDITIONAL;CONDITIONAL_MAY_BE_HIDDEN;08_ENEMY_BOSS_COMBAT;GOLF CART GOLFFATTIIN!;src/utils.ts:696;src/utils.ts:696
0830;CONDITIONAL;CONDITIONAL_MAY_BE_HIDDEN;08_ENEMY_BOSS_COMBAT;HANDICAP NOUSI ÄÄRETTÖMIIN!;src/utils.ts:697;src/utils.ts:697
0831;CONDITIONAL;CONDITIONAL_MAY_BE_HIDDEN;08_ENEMY_BOSS_COMBAT;TEE TIME PERUUNTUU!;src/utils.ts:698;src/utils.ts:698
0832;CONDITIONAL;CONDITIONAL_MAY_BE_HIDDEN;08_ENEMY_BOSS_COMBAT;DOUBLE BOGEY... triple... kuolema...;src/utils.ts:699;src/utils.ts:699
0833;CONDITIONAL;CONDITIONAL_MAY_BE_HIDDEN;08_ENEMY_BOSS_COMBAT;JÄSENYYS PÄÄTTYY!;src/utils.ts:700;src/utils.ts:700
0834;CONDITIONAL;CONDITIONAL_MAY_BE_HIDDEN;08_ENEMY_BOSS_COMBAT;BUNKKERI VOITTI!;src/utils.ts:701;src/utils.ts:701
0835;CONDITIONAL;CONDITIONAL_MAY_BE_HIDDEN;08_ENEMY_BOSS_COMBAT;VIIMEINEN PUTTI!;src/utils.ts:702;src/utils.ts:702
0836;CONDITIONAL;CONDITIONAL_MAY_BE_HIDDEN;08_ENEMY_BOSS_COMBAT;CLUBHOUSE ODOTTAA TURHAAN!;src/utils.ts:703;src/utils.ts:703
0837;CONDITIONAL;CONDITIONAL_MAY_BE_HIDDEN;08_ENEMY_BOSS_COMBAT;CADDIE EI VOI AUTTAA!;src/utils.ts:704;src/utils.ts:704
0838;CONDITIONAL;CONDITIONAL_MAY_BE_HIDDEN;08_ENEMY_BOSS_COMBAT;PAR JÄÄÄ SAAVUTTAMATTA!;src/utils.ts:705;src/utils.ts:705
0839;CONDITIONAL;CONDITIONAL_MAY_BE_HIDDEN;08_ENEMY_BOSS_COMBAT;19. REIKÄ LÖYTYI!;src/utils.ts:706;src/utils.ts:706
0840;CONDITIONAL;CONDITIONAL_MAY_BE_HIDDEN;08_ENEMY_BOSS_COMBAT;GOLFKÄRRY KÄRRYTTIIN!;src/utils.ts:707;src/utils.ts:707
0841;CONDITIONAL;CONDITIONAL_MAY_BE_HIDDEN;08_ENEMY_BOSS_COMBAT;NAMASTE... GOODBYE!;src/utils.ts:712;src/utils.ts:712
0842;CONDITIONAL;CONDITIONAL_MAY_BE_HIDDEN;08_ENEMY_BOSS_COMBAT;CHAKRAT SEKAISIN!;src/utils.ts:713;src/utils.ts:713
0843;CONDITIONAL;CONDITIONAL_MAY_BE_HIDDEN;08_ENEMY_BOSS_COMBAT;KARMA ISKI TAKAISIN!;src/utils.ts:714;src/utils.ts:714
0844;CONDITIONAL;CONDITIONAL_MAY_BE_HIDDEN;08_ENEMY_BOSS_COMBAT;ENERGIAT LOPPU!;src/utils.ts:715;src/utils.ts:715
0845;CONDITIONAL;CONDITIONAL_MAY_BE_HIDDEN;08_ENEMY_BOSS_COMBAT;KRISTALLIT EI AUTTANUT!;src/utils.ts:716;src/utils.ts:716
0846;CONDITIONAL;CONDITIONAL_MAY_BE_HIDDEN;08_ENEMY_BOSS_COMBAT;MEDITAATIO KESKEYTYY!;src/utils.ts:717;src/utils.ts:717
0847;CONDITIONAL;CONDITIONAL_MAY_BE_HIDDEN;08_ENEMY_BOSS_COMBAT;HENGITÄ SISÄÄN... UL... ei enää...;src/utils.ts:718;src/utils.ts:718
0848;CONDITIONAL;CONDITIONAL_MAY_BE_HIDDEN;08_ENEMY_BOSS_COMBAT;AURA SAMMUU!;src/utils.ts:719;src/utils.ts:719
0849;CONDITIONAL;CONDITIONAL_MAY_BE_HIDDEN;08_ENEMY_BOSS_COMBAT;MANIFESTOIN VÄÄRIN!;src/utils.ts:720;src/utils.ts:720
0850;CONDITIONAL;CONDITIONAL_MAY_BE_HIDDEN;08_ENEMY_BOSS_COMBAT;REIKI EI RIITÄ!;src/utils.ts:721;src/utils.ts:721
0851;CONDITIONAL;CONDITIONAL_MAY_BE_HIDDEN;08_ENEMY_BOSS_COMBAT;WELLNESS MENI UNWELL!;src/utils.ts:722;src/utils.ts:722
0852;CONDITIONAL;CONDITIONAL_MAY_BE_HIDDEN;08_ENEMY_BOSS_COMBAT;KOLMAS SILMÄ SULKEUTUU!;src/utils.ts:723;src/utils.ts:723
0853;CONDITIONAL;CONDITIONAL_MAY_BE_HIDDEN;08_ENEMY_BOSS_COMBAT;PURJEVENE JÄÄ SATAMAAN!;src/utils.ts:728;src/utils.ts:728
0854;CONDITIONAL;CONDITIONAL_MAY_BE_HIDDEN;08_ENEMY_BOSS_COMBAT;REGATTA PERUUNTUI!;src/utils.ts:729;src/utils.ts:729
0855;CONDITIONAL;CONDITIONAL_MAY_BE_HIDDEN;08_ENEMY_BOSS_COMBAT;JOLLAPAIKKA JÄÄ TYHJÄKSI!;src/utils.ts:730;src/utils.ts:730
0856;CONDITIONAL;CONDITIONAL_MAY_BE_HIDDEN;08_ENEMY_BOSS_COMBAT;MERENRANTAHUVILA ODOTTAA!;src/utils.ts:731;src/utils.ts:731
0857;CONDITIONAL;CONDITIONAL_MAY_BE_HIDDEN;08_ENEMY_BOSS_COMBAT;KIPPARI JÄÄ YKSIN!;src/utils.ts:732;src/utils.ts:732
0858;CONDITIONAL;CONDITIONAL_MAY_BE_HIDDEN;08_ENEMY_BOSS_COMBAT;ANKKURI LASKETTIIN VIIMEISEN KERRAN!;src/utils.ts:733;src/utils.ts:733
0859;CONDITIONAL;CONDITIONAL_MAY_BE_HIDDEN;08_ENEMY_BOSS_COMBAT;SATAMAMAKSUT TURHA!;src/utils.ts:734;src/utils.ts:734
0860;CONDITIONAL;CONDITIONAL_MAY_BE_HIDDEN;08_ENEMY_BOSS_COMBAT;TUULI TYYNTYI PYSYVÄSTI!;src/utils.ts:735;src/utils.ts:735
0861;CONDITIONAL;CONDITIONAL_MAY_BE_HIDDEN;08_ENEMY_BOSS_COMBAT;YACHT CLUB MENETTÄÄ JÄSENEN!;src/utils.ts:736;src/utils.ts:736
0862;CONDITIONAL;CONDITIONAL_MAY_BE_HIDDEN;08_ENEMY_BOSS_COMBAT;KÖYSI KATKESI!;src/utils.ts:737;src/utils.ts:737
0863;CONDITIONAL;CONDITIONAL_MAY_BE_HIDDEN;08_ENEMY_BOSS_COMBAT;PURJEHDUSKAUSI PÄÄTTYI!;src/utils.ts:738;src/utils.ts:738
0864;CONDITIONAL;CONDITIONAL_MAY_BE_HIDDEN;08_ENEMY_BOSS_COMBAT;MERIKORTIT TURHAT!;src/utils.ts:739;src/utils.ts:739
0865;CONDITIONAL;CONDITIONAL_MAY_BE_HIDDEN;08_ENEMY_BOSS_COMBAT;PÖYTÄVARAUS PERUUNTUU!;src/utils.ts:744;src/utils.ts:744
0866;CONDITIONAL;CONDITIONAL_MAY_BE_HIDDEN;08_ENEMY_BOSS_COMBAT;AVOKADOLEIPÄ LEVISI LUMEEN!;src/utils.ts:745;src/utils.ts:745
0867;CONDITIONAL;CONDITIONAL_MAY_BE_HIDDEN;08_ENEMY_BOSS_COMBAT;MIMOSA KAATUI!;src/utils.ts:746;src/utils.ts:746
0868;CONDITIONAL;CONDITIONAL_MAY_BE_HIDDEN;08_ENEMY_BOSS_COMBAT;EGGS BENEDICT KYLMENEE IKUISESTI!;src/utils.ts:747;src/utils.ts:747
0869;CONDITIONAL;CONDITIONAL_MAY_BE_HIDDEN;08_ENEMY_BOSS_COMBAT;BRUNCH-PAIKKA MENETTÄÄ ASIAKKAAN!;src/utils.ts:748;src/utils.ts:748
0870;CONDITIONAL;CONDITIONAL_MAY_BE_HIDDEN;08_ENEMY_BOSS_COMBAT;MENUA EN ENÄÄ LUE!;src/utils.ts:749;src/utils.ts:749
0871;CONDITIONAL;CONDITIONAL_MAY_BE_HIDDEN;08_ENEMY_BOSS_COMBAT;ARVOSTELU JÄÄ KIRJOITTAMATTA!;src/utils.ts:750;src/utils.ts:750
0872;CONDITIONAL;CONDITIONAL_MAY_BE_HIDDEN;08_ENEMY_BOSS_COMBAT;TARJOILIJA EI ENÄÄ TULE!;src/utils.ts:751;src/utils.ts:751
0873;CONDITIONAL;CONDITIONAL_MAY_BE_HIDDEN;08_ENEMY_BOSS_COMBAT;FOODIE-INSTA PÄÄTTYY!;src/utils.ts:752;src/utils.ts:752
0874;CONDITIONAL;CONDITIONAL_MAY_BE_HIDDEN;08_ENEMY_BOSS_COMBAT;TIPPIÄ EI JÄÄ!;src/utils.ts:753;src/utils.ts:753
0875;CONDITIONAL;CONDITIONAL_MAY_BE_HIDDEN;08_ENEMY_BOSS_COMBAT;KAHVIT KYLMENEE!;src/utils.ts:754;src/utils.ts:754
0876;CONDITIONAL;CONDITIONAL_MAY_BE_HIDDEN;08_ENEMY_BOSS_COMBAT;CROISSANTIT TURHAT!;src/utils.ts:755;src/utils.ts:755
0877;CONDITIONAL;CONDITIONAL_MAY_BE_HIDDEN;08_ENEMY_BOSS_COMBAT;TENNISTUNTI PERUUNTUU!;src/utils.ts:760;src/utils.ts:760
0878;CONDITIONAL;CONDITIONAL_MAY_BE_HIDDEN;08_ENEMY_BOSS_COMBAT;SERVE EPÄONNISTUI!;src/utils.ts:761;src/utils.ts:761
0879;CONDITIONAL;CONDITIONAL_MAY_BE_HIDDEN;08_ENEMY_BOSS_COMBAT;WILSON HAJOSI!;src/utils.ts:762;src/utils.ts:762
0880;CONDITIONAL;CONDITIONAL_MAY_BE_HIDDEN;08_ENEMY_BOSS_COMBAT;MATCH POINT SINULLE!;src/utils.ts:763;src/utils.ts:763
0881;CONDITIONAL;CONDITIONAL_MAY_BE_HIDDEN;08_ENEMY_BOSS_COMBAT;TENNISKYYNÄRPÄÄ TAPPOI!;src/utils.ts:764;src/utils.ts:764
0882;CONDITIONAL;CONDITIONAL_MAY_BE_HIDDEN;08_ENEMY_BOSS_COMBAT;KENTTÄVARAUS TURHA!;src/utils.ts:765;src/utils.ts:765
0883;CONDITIONAL;CONDITIONAL_MAY_BE_HIDDEN;08_ENEMY_BOSS_COMBAT;TENNISHAME LIKAANTUI!;src/utils.ts:766;src/utils.ts:766
0884;CONDITIONAL;CONDITIONAL_MAY_BE_HIDDEN;08_ENEMY_BOSS_COMBAT;LOVE TARKOITTAA NOLLAA... JA NIIN TARKOITTAA ELÄMÄNI NYT!;src/utils.ts:767;src/utils.ts:767
0885;CONDITIONAL;CONDITIONAL_MAY_BE_HIDDEN;08_ENEMY_BOSS_COMBAT;VIIMEINEN SMASH!;src/utils.ts:768;src/utils.ts:768
0886;CONDITIONAL;CONDITIONAL_MAY_BE_HIDDEN;08_ENEMY_BOSS_COMBAT;DOUBLE FAULT FOREVER!;src/utils.ts:769;src/utils.ts:769
0887;CONDITIONAL;CONDITIONAL_MAY_BE_HIDDEN;08_ENEMY_BOSS_COMBAT;MAILA KATKESI!;src/utils.ts:770;src/utils.ts:770
0888;CONDITIONAL;CONDITIONAL_MAY_BE_HIDDEN;08_ENEMY_BOSS_COMBAT;PALLOT LOPPU!;src/utils.ts:771;src/utils.ts:771
0889;CONDITIONAL;CONDITIONAL_MAY_BE_HIDDEN;08_ENEMY_BOSS_COMBAT;AFTER SKI IS OVER!;src/utils.ts:776;src/utils.ts:776
0890;CONDITIONAL;CONDITIONAL_MAY_BE_HIDDEN;08_ENEMY_BOSS_COMBAT;KUOHUVIINI KAATUI!;src/utils.ts:777;src/utils.ts:777
0891;CONDITIONAL;CONDITIONAL_MAY_BE_HIDDEN;08_ENEMY_BOSS_COMBAT;YÖKERHO SULKEE!;src/utils.ts:778;src/utils.ts:778
0892;CONDITIONAL;CONDITIONAL_MAY_BE_HIDDEN;08_ENEMY_BOSS_COMBAT;VIP-PÖYTÄ JÄÄ TYHJÄKSI!;src/utils.ts:779;src/utils.ts:779
0893;CONDITIONAL;CONDITIONAL_MAY_BE_HIDDEN;08_ENEMY_BOSS_COMBAT;BILEET LOPPUI!;src/utils.ts:780;src/utils.ts:780
0894;CONDITIONAL;CONDITIONAL_MAY_BE_HIDDEN;08_ENEMY_BOSS_COMBAT;SHOTIT SAMMUI!;src/utils.ts:781;src/utils.ts:781
0895;CONDITIONAL;CONDITIONAL_MAY_BE_HIDDEN;08_ENEMY_BOSS_COMBAT;DJ LOPETTI!;src/utils.ts:782;src/utils.ts:782
0896;CONDITIONAL;CONDITIONAL_MAY_BE_HIDDEN;08_ENEMY_BOSS_COMBAT;RINNERAVINTOLA MENETTI VIP:IN!;src/utils.ts:783;src/utils.ts:783
0897;CONDITIONAL;CONDITIONAL_MAY_BE_HIDDEN;08_ENEMY_BOSS_COMBAT;SKUMPPA LÄIKKYI LUMEEN!;src/utils.ts:784;src/utils.ts:784
0898;CONDITIONAL;CONDITIONAL_MAY_BE_HIDDEN;08_ENEMY_BOSS_COMBAT;HISSIKORTTI JÄÄ KÄYTTÄMÄTTÄ!;src/utils.ts:785;src/utils.ts:785
0899;CONDITIONAL;CONDITIONAL_MAY_BE_HIDDEN;08_ENEMY_BOSS_COMBAT;PARTY PEOPLE MENETTI YHDEN!;src/utils.ts:786;src/utils.ts:786
0900;CONDITIONAL;CONDITIONAL_MAY_BE_HIDDEN;08_ENEMY_BOSS_COMBAT;VIIMEINEN TANSSI!;src/utils.ts:787;src/utils.ts:787
0901;CONDITIONAL;CONDITIONAL_MAY_BE_HIDDEN;08_ENEMY_BOSS_COMBAT;MAAILMANCUP PÄÄTTYY!;src/utils.ts:792;src/utils.ts:792
0902;CONDITIONAL;CONDITIONAL_MAY_BE_HIDDEN;08_ENEMY_BOSS_COMBAT;PUJOTTELU PUJOTELTIIN!;src/utils.ts:793;src/utils.ts:793
0903;CONDITIONAL;CONDITIONAL_MAY_BE_HIDDEN;08_ENEMY_BOSS_COMBAT;SPONSORIT KATOAA!;src/utils.ts:794;src/utils.ts:794
0904;CONDITIONAL;CONDITIONAL_MAY_BE_HIDDEN;08_ENEMY_BOSS_COMBAT;OLYMPIAUNELMAT OHI!;src/utils.ts:795;src/utils.ts:795
0905;CONDITIONAL;CONDITIONAL_MAY_BE_HIDDEN;08_ENEMY_BOSS_COMBAT;VALMENTAJA EI VAROITTANUT!;src/utils.ts:796;src/utils.ts:796
0906;CONDITIONAL;CONDITIONAL_MAY_BE_HIDDEN;08_ENEMY_BOSS_COMBAT;KILPAILU HÄVITTY PAHASTI!;src/utils.ts:797;src/utils.ts:797
0907;CONDITIONAL;CONDITIONAL_MAY_BE_HIDDEN;08_ENEMY_BOSS_COMBAT;KISAPUKU REPESI!;src/utils.ts:798;src/utils.ts:798
0908;CONDITIONAL;CONDITIONAL_MAY_BE_HIDDEN;08_ENEMY_BOSS_COMBAT;LASKUAIKA EI RIITÄ!;src/utils.ts:799;src/utils.ts:799
0909;CONDITIONAL;CONDITIONAL_MAY_BE_HIDDEN;08_ENEMY_BOSS_COMBAT;SUKSIVOIDE EI AUTTANUT!;src/utils.ts:800;src/utils.ts:800
0910;CONDITIONAL;CONDITIONAL_MAY_BE_HIDDEN;08_ENEMY_BOSS_COMBAT;KULTAMITALI KATOSI!;src/utils.ts:801;src/utils.ts:801
0911;CONDITIONAL;CONDITIONAL_MAY_BE_HIDDEN;08_ENEMY_BOSS_COMBAT;KANSALLISSANKARI KAATUI!;src/utils.ts:802;src/utils.ts:802
0912;CONDITIONAL;CONDITIONAL_MAY_BE_HIDDEN;08_ENEMY_BOSS_COMBAT;URHEILUELÄMÄ PÄÄTTYY!;src/utils.ts:803;src/utils.ts:803
0913;CONDITIONAL;CONDITIONAL_MAY_BE_HIDDEN;08_ENEMY_BOSS_COMBAT;SUOMEN TALVI ON KOVA!;src/utils.ts:808;src/utils.ts:808
0914;CONDITIONAL;CONDITIONAL_MAY_BE_HIDDEN;08_ENEMY_BOSS_COMBAT;HIIHTOTUNTI JÄÄÄ KESKEN!;src/utils.ts:809;src/utils.ts:809
0915;CONDITIONAL;CONDITIONAL_MAY_BE_HIDDEN;08_ENEMY_BOSS_COMBAT;AFROSKIING FOREVER!;src/utils.ts:810;src/utils.ts:810
0916;CONDITIONAL;CONDITIONAL_MAY_BE_HIDDEN;08_ENEMY_BOSS_COMBAT;LATU OLI KAUNIS!;src/utils.ts:811;src/utils.ts:811
0917;CONDITIONAL;CONDITIONAL_MAY_BE_HIDDEN;08_ENEMY_BOSS_COMBAT;HIIHTOLOMAAN ASTI... EIKU...;src/utils.ts:812;src/utils.ts:812
0918;CONDITIONAL;CONDITIONAL_MAY_BE_HIDDEN;08_ENEMY_BOSS_COMBAT;VUOKRASUKSET PALAUTUU AJOISSA!;src/utils.ts:813;src/utils.ts:813
0919;CONDITIONAL;CONDITIONAL_MAY_BE_HIDDEN;08_ENEMY_BOSS_COMBAT;LUMI ON KYLMÄÄ!;src/utils.ts:814;src/utils.ts:814
0920;CONDITIONAL;CONDITIONAL_MAY_BE_HIDDEN;08_ENEMY_BOSS_COMBAT;TERMOSPULLO KAATUI!;src/utils.ts:815;src/utils.ts:815
0921;CONDITIONAL;CONDITIONAL_MAY_BE_HIDDEN;08_ENEMY_BOSS_COMBAT;HARJOITTELU JATKUU... JOSSAIN...;src/utils.ts:816;src/utils.ts:816
0922;CONDITIONAL;CONDITIONAL_MAY_BE_HIDDEN;08_ENEMY_BOSS_COMBAT;SOMALIA-SUOMI-SNOW!;src/utils.ts:817;src/utils.ts:817
0923;CONDITIONAL;CONDITIONAL_MAY_BE_HIDDEN;08_ENEMY_BOSS_COMBAT;INTEGRAATIO EDISTYY!;src/utils.ts:818;src/utils.ts:818
0924;CONDITIONAL;CONDITIONAL_MAY_BE_HIDDEN;08_ENEMY_BOSS_COMBAT;SUOMALAISTUIN LIIKAA!;src/utils.ts:819;src/utils.ts:819
0925;CONDITIONAL;CONDITIONAL_MAY_BE_HIDDEN;08_ENEMY_BOSS_COMBAT;STARTUP LOPPU!;src/utils.ts:824;src/utils.ts:824
0926;CONDITIONAL;CONDITIONAL_MAY_BE_HIDDEN;08_ENEMY_BOSS_COMBAT;SPRINT FEILASI!;src/utils.ts:825;src/utils.ts:825
0927;CONDITIONAL;CONDITIONAL_MAY_BE_HIDDEN;08_ENEMY_BOSS_COMBAT;MACBOOK HAJOSI!;src/utils.ts:826;src/utils.ts:826
0928;CONDITIONAL;CONDITIONAL_MAY_BE_HIDDEN;08_ENEMY_BOSS_COMBAT;DAILY STANDUP PERUUNTUU!;src/utils.ts:827;src/utils.ts:827
0929;CONDITIONAL;CONDITIONAL_MAY_BE_HIDDEN;08_ENEMY_BOSS_COMBAT;SLACK-VIESTI JÄÄ LUKEMATTA!;src/utils.ts:828;src/utils.ts:828
0930;CONDITIONAL;CONDITIONAL_MAY_BE_HIDDEN;08_ENEMY_BOSS_COMBAT;DEPLOY KAATUI... NIIN MINÄKIN!;src/utils.ts:829;src/utils.ts:829
0931;CONDITIONAL;CONDITIONAL_MAY_BE_HIDDEN;08_ENEMY_BOSS_COMBAT;STOCK OPTIOT ARVOTON!;src/utils.ts:830;src/utils.ts:830
0932;CONDITIONAL;CONDITIONAL_MAY_BE_HIDDEN;08_ENEMY_BOSS_COMBAT;AGILE EI AUTTANUT!;src/utils.ts:831;src/utils.ts:831
0933;CONDITIONAL;CONDITIONAL_MAY_BE_HIDDEN;08_ENEMY_BOSS_COMBAT;SCRUM MASTER EI PELASTA!;src/utils.ts:832;src/utils.ts:832
0934;CONDITIONAL;CONDITIONAL_MAY_BE_HIDDEN;08_ENEMY_BOSS_COMBAT;SERIES A JÄÄÄ SAAMATTA!;src/utils.ts:833;src/utils.ts:833
0935;CONDITIONAL;CONDITIONAL_MAY_BE_HIDDEN;08_ENEMY_BOSS_COMBAT;KOODI JÄÄÄ COMMITOIMATTA!;src/utils.ts:834;src/utils.ts:834
0936;CONDITIONAL;CONDITIONAL_MAY_BE_HIDDEN;08_ENEMY_BOSS_COMBAT;PIVOTTI EI PELASTA!;src/utils.ts:835;src/utils.ts:835
0937;CONDITIONAL;CONDITIONAL_MAY_BE_HIDDEN;08_ENEMY_BOSS_COMBAT;TIEDÄTKÖ KUKA MIEHENI ON?!;src/utils.ts:840;src/utils.ts:840
0938;CONDITIONAL;CONDITIONAL_MAY_BE_HIDDEN;08_ENEMY_BOSS_COMBAT;ESPOO-KORTTI EI PELASTA!;src/utils.ts:842;src/utils.ts:842
0939;CONDITIONAL;CONDITIONAL_MAY_BE_HIDDEN;08_ENEMY_BOSS_COMBAT;STEINERKOULUN JOHTOKUNTA KOSTAA!;src/utils.ts:843;src/utils.ts:843
0940;CONDITIONAL;CONDITIONAL_MAY_BE_HIDDEN;08_ENEMY_BOSS_COMBAT;PERSONAL TRAINER PETTYI!;src/utils.ts:844;src/utils.ts:844
0941;CONDITIONAL;CONDITIONAL_MAY_BE_HIDDEN;08_ENEMY_BOSS_COMBAT;ÄITIYSPAKKAUS OLI PAREMPI!;src/utils.ts:845;src/utils.ts:845
0942;CONDITIONAL;CONDITIONAL_MAY_BE_HIDDEN;08_ENEMY_BOSS_COMBAT;AJAX MUISTAA IKUISESTI!;src/utils.ts:849;src/utils.ts:849 | src/utils.ts:895
0943;CONDITIONAL;CONDITIONAL_MAY_BE_HIDDEN;08_ENEMY_BOSS_COMBAT;EI OLLUT DOPINGIA... LUPAAN!;src/utils.ts:850;src/utils.ts:850
0944;CONDITIONAL;CONDITIONAL_MAY_BE_HIDDEN;08_ENEMY_BOSS_COMBAT;KULTAINEN KENKÄ JÄÄ HAAVEEKSI!;src/utils.ts:851;src/utils.ts:851
0945;CONDITIONAL;CONDITIONAL_MAY_BE_HIDDEN;08_ENEMY_BOSS_COMBAT;LAHTI PETTI TAAS!;src/utils.ts:852;src/utils.ts:852
0946;CONDITIONAL;CONDITIONAL_MAY_BE_HIDDEN;08_ENEMY_BOSS_COMBAT;SUOMEN KUNINGAS KAATUI!;src/utils.ts:853;src/utils.ts:853
0947;CONDITIONAL;CONDITIONAL_MAY_BE_HIDDEN;08_ENEMY_BOSS_COMBAT;HEMOFARM EI VASTAA!;src/utils.ts:854;src/utils.ts:854
0948;CONDITIONAL;CONDITIONAL_MAY_BE_HIDDEN;08_ENEMY_BOSS_COMBAT;AUTOPILOT CRASHED!;src/utils.ts:858;src/utils.ts:858
0949;CONDITIONAL;CONDITIONAL_MAY_BE_HIDDEN;08_ENEMY_BOSS_COMBAT;PORTFOLION ARVO: NOLLA!;src/utils.ts:860;src/utils.ts:860
0950;CONDITIONAL;CONDITIONAL_MAY_BE_HIDDEN;08_ENEMY_BOSS_COMBAT;BITCOIN KUOLEE... NIIN MINÄKIN...;src/utils.ts:861;src/utils.ts:861
0951;CONDITIONAL;CONDITIONAL_MAY_BE_HIDDEN;08_ENEMY_BOSS_COMBAT;ELON EI TWIITTAA APUA!;src/utils.ts:862;src/utils.ts:862
0952;CONDITIONAL;CONDITIONAL_MAY_BE_HIDDEN;08_ENEMY_BOSS_COMBAT;MARS JÄÄ SAAVUTTAMATTA!;src/utils.ts:863;src/utils.ts:863
0953;CONDITIONAL;CONDITIONAL_MAY_BE_HIDDEN;08_ENEMY_BOSS_COMBAT;HOLE IN ONE... HAUTAAN!;src/utils.ts:867;src/utils.ts:867
0954;CONDITIONAL;CONDITIONAL_MAY_BE_HIDDEN;08_ENEMY_BOSS_COMBAT;GREEN FEE MENI HUKKAAN!;src/utils.ts:868;src/utils.ts:868
0955;CONDITIONAL;CONDITIONAL_MAY_BE_HIDDEN;08_ENEMY_BOSS_COMBAT;HANDICAP INFINITY!;src/utils.ts:869;src/utils.ts:869
0956;CONDITIONAL;CONDITIONAL_MAY_BE_HIDDEN;08_ENEMY_BOSS_COMBAT;CADDIE EI PELASTA!;src/utils.ts:870;src/utils.ts:870
0957;CONDITIONAL;CONDITIONAL_MAY_BE_HIDDEN;08_ENEMY_BOSS_COMBAT;GOLF CART KARKAS!;src/utils.ts:871;src/utils.ts:871
0958;CONDITIONAL;CONDITIONAL_MAY_BE_HIDDEN;08_ENEMY_BOSS_COMBAT;MÄKIHYPPY OLI PAREMPI LAJI!;src/utils.ts:872;src/utils.ts:872
0959;CONDITIONAL;CONDITIONAL_MAY_BE_HIDDEN;08_ENEMY_BOSS_COMBAT;AURAJOKI JÄÄTYI... JA NIIN MINÄKIN!;src/utils.ts:876;src/utils.ts:876
0960;CONDITIONAL;CONDITIONAL_MAY_BE_HIDDEN;08_ENEMY_BOSS_COMBAT;FUNIKULAARI JÄI VÄLIIN!;src/utils.ts:877;src/utils.ts:877
0961;CONDITIONAL;CONDITIONAL_MAY_BE_HIDDEN;08_ENEMY_BOSS_COMBAT;FÖLI KULKEE ILMAN MUA...;src/utils.ts:878;src/utils.ts:878
0962;CONDITIONAL;CONDITIONAL_MAY_BE_HIDDEN;08_ENEMY_BOSS_COMBAT;TURUN LATU EI ANTANUT ARMOO!;src/utils.ts:879;src/utils.ts:879
0963;CONDITIONAL;CONDITIONAL_MAY_BE_HIDDEN;08_ENEMY_BOSS_COMBAT;HESEN BURGERI JÄI HAAVEEKSI!;src/utils.ts:880;src/utils.ts:880
0964;CONDITIONAL;CONDITIONAL_MAY_BE_HIDDEN;08_ENEMY_BOSS_COMBAT;JETI SULI HANKEEN!;src/utils.ts:881;src/utils.ts:881
0965;CONDITIONAL;CONDITIONAL_MAY_BE_HIDDEN;08_ENEMY_BOSS_COMBAT;JYTKY LYTKÄHTI!;src/utils.ts:885;src/utils.ts:885
0966;CONDITIONAL;CONDITIONAL_MAY_BE_HIDDEN;08_ENEMY_BOSS_COMBAT;PERUSSUOMALAISET MUISTAA!;src/utils.ts:886;src/utils.ts:886
0967;CONDITIONAL;CONDITIONAL_MAY_BE_HIDDEN;08_ENEMY_BOSS_COMBAT;PANNUKAKKU KYLMENEE!;src/utils.ts:887;src/utils.ts:887
0968;CONDITIONAL;CONDITIONAL_MAY_BE_HIDDEN;08_ENEMY_BOSS_COMBAT;VILLA GRANDE ODOTTAA... TURHAAN!;src/utils.ts:888;src/utils.ts:888
0969;CONDITIONAL;CONDITIONAL_MAY_BE_HIDDEN;08_ENEMY_BOSS_COMBAT;PERSUT EI ANNA PERIKSI... YLEENSÄ!;src/utils.ts:889;src/utils.ts:889
0970;CONDITIONAL;CONDITIONAL_MAY_BE_HIDDEN;08_ENEMY_BOSS_COMBAT;POLITIIKKA ON VAIKEAA!;src/utils.ts:890;src/utils.ts:890
0971;CONDITIONAL;CONDITIONAL_MAY_BE_HIDDEN;08_ENEMY_BOSS_COMBAT;EI OLLUT DOPINGIA... EHKÄ VÄHÄN...;src/utils.ts:896;src/utils.ts:896
0972;CONDITIONAL;CONDITIONAL_MAY_BE_HIDDEN;08_ENEMY_BOSS_COMBAT;KULTAINEN KENKÄ KATOSI!;src/utils.ts:897;src/utils.ts:897
0973;CONDITIONAL;CONDITIONAL_MAY_BE_HIDDEN;08_ENEMY_BOSS_COMBAT;LAHTI ON URHEILUKAUPUNKI... OLI...;src/utils.ts:898;src/utils.ts:898
0974;CONDITIONAL;CONDITIONAL_MAY_BE_HIDDEN;08_ENEMY_BOSS_COMBAT;SUOMEN KUNINGAS SYÖSTIIN VALTAISTUIMELTA!;src/utils.ts:899;src/utils.ts:899
0975;CONDITIONAL;CONDITIONAL_MAY_BE_HIDDEN;08_ENEMY_BOSS_COMBAT;MAAJOUKKUE PELAA ILMAN MINUA!;src/utils.ts:900;src/utils.ts:900
0976;CONDITIONAL;CONDITIONAL_MAY_BE_HIDDEN;08_ENEMY_BOSS_COMBAT;"Sound ""${...}"" not found in cache";src/utils.ts:1001;src/utils.ts:1001
0977;CONDITIONAL;CONDITIONAL_MAY_BE_HIDDEN;08_ENEMY_BOSS_COMBAT;"Failed to play sound ""${...}"":";src/utils.ts:1008;src/utils.ts:1008
0978;YES_OR_CONTEXT;USED_NOW_OR_CONTEXTUAL;09_VICTORY_CUTSCENE;PELAAJA;src/scenes/VictoryCutsceneScene.ts:14;src/scenes/GameCompleteUIScene.ts:51 | src/scenes/GameCompleteUIScene.ts:93 | src/scenes/VictoryCutsceneScene.ts:14 | src/scenes/VictoryCutsceneScene.ts:30
0979;YES_OR_CONTEXT;USED_NOW_OR_CONTEXTUAL;09_VICTORY_CUTSCENE;TASO ${...} LÄPÄISTY!;src/scenes/VictoryCutsceneScene.ts:105;src/scenes/VictoryCutsceneScene.ts:105 | src/scenes/VictoryUIScene.ts:261
0980;YES_OR_CONTEXT;USED_NOW_OR_CONTEXTUAL;09_VICTORY_CUTSCENE;Matka: ${...}m;src/scenes/VictoryCutsceneScene.ts:259;src/scenes/VictoryCutsceneScene.ts:259 | src/scenes/VictoryCutsceneScene.ts:265
0981;YES_OR_CONTEXT;USED_NOW_OR_CONTEXTUAL;09_VICTORY_CUTSCENE;Lahtelaiset kaadettu: ${...};src/scenes/VictoryCutsceneScene.ts:260;src/scenes/VictoryCutsceneScene.ts:260
0982;YES_OR_CONTEXT;USED_NOW_OR_CONTEXTUAL;09_VICTORY_CUTSCENE;Tuning-autoilta säästytty: ${...};src/scenes/VictoryCutsceneScene.ts:261;src/scenes/VictoryCutsceneScene.ts:261
0983;YES_OR_CONTEXT;USED_NOW_OR_CONTEXTUAL;09_VICTORY_CUTSCENE;Dopingnäytteitä piilotettu: ${...};src/scenes/VictoryCutsceneScene.ts:262;src/scenes/VictoryCutsceneScene.ts:262
0984;YES_OR_CONTEXT;USED_NOW_OR_CONTEXTUAL;09_VICTORY_CUTSCENE;Pisteet: ${...};src/scenes/VictoryCutsceneScene.ts:263;src/scenes/VictoryCutsceneScene.ts:263 | src/scenes/VictoryCutsceneScene.ts:268
0985;YES_OR_CONTEXT;USED_NOW_OR_CONTEXTUAL;09_VICTORY_CUTSCENE;Espoolaiset kaadettu: ${...};src/scenes/VictoryCutsceneScene.ts:266;src/scenes/VictoryCutsceneScene.ts:266
0986;YES_OR_CONTEXT;USED_NOW_OR_CONTEXTUAL;09_VICTORY_CUTSCENE;Tesloilta säästytty: ${...};src/scenes/VictoryCutsceneScene.ts:267;src/scenes/VictoryCutsceneScene.ts:267
0987;YES_OR_CONTEXT;USED_NOW_OR_CONTEXTUAL;09_VICTORY_CUTSCENE;TULOSTAULUKKO;src/scenes/VictoryCutsceneScene.ts:307;src/scenes/VictoryCutsceneScene.ts:307
0988;YES_OR_CONTEXT;USED_NOW_OR_CONTEXTUAL;09_VICTORY_CUTSCENE;#${...} ${...} - ${...} pts;src/scenes/VictoryCutsceneScene.ts:335;src/scenes/VictoryCutsceneScene.ts:335
0989;YES_OR_CONTEXT;USED_NOW_OR_CONTEXTUAL;09_VICTORY_CUTSCENE;JATKA SEURAAVALLE TASOLLE;src/scenes/VictoryCutsceneScene.ts:365;src/scenes/VictoryCutsceneScene.ts:365
0990;YES_OR_CONTEXT;USED_NOW_OR_CONTEXTUAL;09_VICTORY_CUTSCENE;PELI LÄPISTÄ!;src/scenes/VictoryCutsceneScene.ts:365;src/scenes/VictoryCutsceneScene.ts:365
0991;YES_OR_CONTEXT;USED_NOW_OR_CONTEXTUAL;09_VICTORY_CUTSCENE;Leaderboard validation failed:;src/scenes/VictoryCutsceneScene.ts:518;src/scenes/VictoryCutsceneScene.ts:518
0992;YES_OR_CONTEXT;USED_NOW_OR_CONTEXTUAL;09_VICTORY_CUTSCENE;Failed to save score:;src/scenes/VictoryCutsceneScene.ts:521;src/scenes/VictoryCutsceneScene.ts:521
0993;YES_OR_CONTEXT;USED_NOW_OR_CONTEXTUAL;10_VICTORY_UI;NAPAUTA JATKAAKSESI ➡️;src/scenes/VictoryUIScene.ts:26;src/scenes/VictoryUIScene.ts:26
0994;YES_OR_CONTEXT;USED_NOW_OR_CONTEXTUAL;10_VICTORY_UI;TUTORIAALI LÄPÄISTY!;src/scenes/VictoryUIScene.ts:261;src/scenes/VictoryUIScene.ts:261
0995;YES_OR_CONTEXT;USED_NOW_OR_CONTEXTUAL;10_VICTORY_UI;Going to next level from: ${...}, currentLevel: ${...};src/scenes/VictoryUIScene.ts:344;src/scenes/VictoryUIScene.ts:344
0996;YES_OR_CONTEXT;USED_NOW_OR_CONTEXTUAL;10_VICTORY_UI;No next level found for: ${...};src/scenes/VictoryUIScene.ts:401;src/scenes/VictoryUIScene.ts:401
0997;YES_OR_CONTEXT;USED_NOW_OR_CONTEXTUAL;10_VICTORY_UI;Next level: ${...};src/scenes/VictoryUIScene.ts:405;src/scenes/VictoryUIScene.ts:405
0998;YES_OR_CONTEXT;USED_NOW_OR_CONTEXTUAL;11_GAME_COMPLETE;Jälkipelihaastattelu: Miltä nyt tuntuu?;src/scenes/GameCompleteUIScene.ts:35;src/scenes/GameCompleteUIScene.ts:35
0999;YES_OR_CONTEXT;USED_NOW_OR_CONTEXTUAL;11_GAME_COMPLETE;Päivän tekosyy: lumi oli vino.;src/scenes/GameCompleteUIScene.ts:36;src/scenes/GameCompleteUIScene.ts:36
1000;YES_OR_CONTEXT;USED_NOW_OR_CONTEXTUAL;11_GAME_COMPLETE;Failed to submit tournament score:;src/scenes/GameCompleteUIScene.ts:107;src/scenes/GameCompleteUIScene.ts:107
1001;YES_OR_CONTEXT;USED_NOW_OR_CONTEXTUAL;11_GAME_COMPLETE;Failed to update profile:;src/scenes/GameCompleteUIScene.ts:115;src/scenes/GameCompleteUIScene.ts:115
1002;YES_OR_CONTEXT;USED_NOW_OR_CONTEXTUAL;11_GAME_COMPLETE;OLET PARAS;src/scenes/GameCompleteUIScene.ts:150;src/scenes/GameCompleteUIScene.ts:150
1003;YES_OR_CONTEXT;USED_NOW_OR_CONTEXTUAL;11_GAME_COMPLETE;LATURAIVOOJA!;src/scenes/GameCompleteUIScene.ts:166;src/scenes/GameCompleteUIScene.ts:166
1004;YES_OR_CONTEXT;USED_NOW_OR_CONTEXTUAL;12_GAME_OVER;EI ENÄÄ ELÄMIÄ!;src/scenes/GameOverUIScene.ts:20;src/scenes/GameOverUIScene.ts:20
1005;YES_OR_CONTEXT;USED_NOW_OR_CONTEXTUAL;13_LEADERBOARD;🟡 OFFLINE;src/scenes/LeaderboardUIScene.ts:163;src/scenes/LeaderboardUIScene.ts:163
1006;YES_OR_CONTEXT;USED_NOW_OR_CONTEXTUAL;13_LEADERBOARD;🟢 ONLINE;src/scenes/LeaderboardUIScene.ts:163;src/scenes/LeaderboardUIScene.ts:163
1007;CONDITIONAL;CONDITIONAL;99_OTHER_OR_UNKNOWN;Marja-Liisa Westend;src/LevelManager.ts:11;src/LevelManager.ts:11 | src/LevelManager.ts:12
1008;CONDITIONAL;CONDITIONAL;99_OTHER_OR_UNKNOWN;Leppävaaran latukunkku - huuto voittaa järjen!;src/LevelManager.ts:13;src/LevelManager.ts:13
1009;CONDITIONAL;CONDITIONAL;99_OTHER_OR_UNKNOWN;Legenda. Myyttti. Jos hän kaatuu, kuka tahansa voi.;src/LevelManager.ts:20;src/LevelManager.ts:20
1010;CONDITIONAL;CONDITIONAL;99_OTHER_OR_UNKNOWN;Hämärä diileri - veripussit lumessa, ei puhtaasti.;src/LevelManager.ts:27;src/LevelManager.ts:27
1011;CONDITIONAL;CONDITIONAL;99_OTHER_OR_UNKNOWN;Turun ladun raivopomo. Älä jää alle.;src/LevelManager.ts:34;src/LevelManager.ts:34
1012;CONDITIONAL;CONDITIONAL;99_OTHER_OR_UNKNOWN;Sun Isoisä;src/LevelManager.ts:39;src/LevelManager.ts:39 | src/LevelManager.ts:40
1013;CONDITIONAL;CONDITIONAL;99_OTHER_OR_UNKNOWN;Torvi soi. Hiljaisuus sattuu enemmän.;src/LevelManager.ts:41;src/LevelManager.ts:41
1014;CONDITIONAL;CONDITIONAL;99_OTHER_OR_UNKNOWN;Iso Timo;src/LevelManager.ts:46;src/LevelManager.ts:46 | src/LevelManager.ts:47
1015;CONDITIONAL;CONDITIONAL;99_OTHER_OR_UNKNOWN;Makkara putoaa lumeen. Raivo murtuu.;src/LevelManager.ts:48;src/LevelManager.ts:48
1016;CONDITIONAL;CONDITIONAL;99_OTHER_OR_UNKNOWN;Peter Kantele;src/LevelManager.ts:54;src/LevelManager.ts:54 | src/LevelManager.ts:55
1017;CONDITIONAL;CONDITIONAL;99_OTHER_OR_UNKNOWN;90-luvun poikabändilegenda. Jäätanssin mestari. KANTELE VS CHAOS!;src/LevelManager.ts:56;src/LevelManager.ts:56
1018;CONDITIONAL;CONDITIONAL;99_OTHER_OR_UNKNOWN;Tutoriaali: Ensimmäiset Askeleet;src/LevelManager.ts:253;src/LevelManager.ts:253
1019;CONDITIONAL;CONDITIONAL;99_OTHER_OR_UNKNOWN;Hiihtäjä Menetti Malttinsa Ladulla;src/LevelManager.ts:254;src/LevelManager.ts:254
1020;CONDITIONAL;CONDITIONAL;99_OTHER_OR_UNKNOWN;Tilanne Eskaloitui Sunnuntaiaamuna;src/LevelManager.ts:255;src/LevelManager.ts:255
1021;CONDITIONAL;CONDITIONAL;99_OTHER_OR_UNKNOWN;TAPIOLA: Kulttuuriväki Liikkeellä!;src/LevelManager.ts:256;src/LevelManager.ts:256
1022;CONDITIONAL;CONDITIONAL;99_OTHER_OR_UNKNOWN;LAHTI: Dopingskandaali Ladulla!;src/LevelManager.ts:257;src/LevelManager.ts:257
1023;CONDITIONAL;CONDITIONAL;99_OTHER_OR_UNKNOWN;Silminnäkijä: 'Tämä Lähti Käsistä';src/LevelManager.ts:258;src/LevelManager.ts:258
1024;CONDITIONAL;CONDITIONAL;99_OTHER_OR_UNKNOWN;Turussa Latu Suljettiin: JETI SAAPUU;src/LevelManager.ts:259;src/LevelManager.ts:259
1025;CONDITIONAL;CONDITIONAL;99_OTHER_OR_UNKNOWN;Hiihtäjien Välille Syntyi Kahakka;src/LevelManager.ts:260;src/LevelManager.ts:260
1026;CONDITIONAL;CONDITIONAL;99_OTHER_OR_UNKNOWN;Kaupunki Kommentoi Tapahtunutta;src/LevelManager.ts:261;src/LevelManager.ts:261
1027;CONDITIONAL;CONDITIONAL;99_OTHER_OR_UNKNOWN;Tapaus Jatkotoimenpiteissä;src/LevelManager.ts:262;src/LevelManager.ts:262
1028;CONDITIONAL;CONDITIONAL;99_OTHER_OR_UNKNOWN;ICE CLUB ARENA: PETER KANTELE!;src/LevelManager.ts:263;src/LevelManager.ts:263
1029;CONDITIONAL;CONDITIONAL;99_OTHER_OR_UNKNOWN;Taso ${...};src/LevelManager.ts:265;src/LevelManager.ts:265
1030;CONDITIONAL;CONDITIONAL;99_OTHER_OR_UNKNOWN;DIAMOND HANDS!;src/entities/CryptoBro.ts:30;src/entities/CryptoBro.ts:30
1031;CONDITIONAL;CONDITIONAL;99_OTHER_OR_UNKNOWN;TO THE MOON!;src/entities/CryptoBro.ts:31;src/entities/CryptoBro.ts:31
1032;CONDITIONAL;CONDITIONAL;99_OTHER_OR_UNKNOWN;HODL!;src/entities/CryptoBro.ts:32;src/entities/CryptoBro.ts:32
1033;CONDITIONAL;CONDITIONAL;99_OTHER_OR_UNKNOWN;Buy the dip!;src/entities/CryptoBro.ts:33;src/entities/CryptoBro.ts:33
1034;CONDITIONAL;CONDITIONAL;99_OTHER_OR_UNKNOWN;This is FUD!;src/entities/CryptoBro.ts:34;src/entities/CryptoBro.ts:34
1035;CONDITIONAL;CONDITIONAL;99_OTHER_OR_UNKNOWN;WAGMI!;src/entities/CryptoBro.ts:35;src/entities/CryptoBro.ts:35
1036;CONDITIONAL;CONDITIONAL;99_OTHER_OR_UNKNOWN;Wait, I need a pic!;src/entities/InfluencerSelfie.ts:30;src/entities/InfluencerSelfie.ts:30
1037;CONDITIONAL;CONDITIONAL;99_OTHER_OR_UNKNOWN;For the gram!;src/entities/InfluencerSelfie.ts:31;src/entities/InfluencerSelfie.ts:31
1038;CONDITIONAL;CONDITIONAL;99_OTHER_OR_UNKNOWN;Like and subscribe!;src/entities/InfluencerSelfie.ts:32;src/entities/InfluencerSelfie.ts:32
1039;CONDITIONAL;CONDITIONAL;99_OTHER_OR_UNKNOWN;Use my promo code!;src/entities/InfluencerSelfie.ts:33;src/entities/InfluencerSelfie.ts:33
1040;CONDITIONAL;CONDITIONAL;99_OTHER_OR_UNKNOWN;This is SO aesthetic!;src/entities/InfluencerSelfie.ts:34;src/entities/InfluencerSelfie.ts:34
1041;CONDITIONAL;CONDITIONAL;99_OTHER_OR_UNKNOWN;PIIKKI! +70% NOPEUS;src/entities/LahtiPowerUp.ts:33;src/entities/LahtiPowerUp.ts:33
1042;CONDITIONAL;CONDITIONAL;99_OTHER_OR_UNKNOWN;COCA-COLA! SUOJA + VAHINKO;src/entities/LahtiPowerUp.ts:42;src/entities/LahtiPowerUp.ts:42
1043;CONDITIONAL;CONDITIONAL;99_OTHER_OR_UNKNOWN;LÄÄKÄRILAUKKU! +60 HP;src/entities/LahtiPowerUp.ts:50;src/entities/LahtiPowerUp.ts:50
1044;CONDITIONAL;CONDITIONAL;99_OTHER_OR_UNKNOWN;+NOPEUS!;src/entities/PowerUp.ts:259;src/entities/PowerUp.ts:259
1045;CONDITIONAL;CONDITIONAL;99_OTHER_OR_UNKNOWN;+SUOJA!;src/entities/PowerUp.ts:260;src/entities/PowerUp.ts:260
1046;CONDITIONAL;CONDITIONAL;99_OTHER_OR_UNKNOWN;+HP!;src/entities/PowerUp.ts:261;src/entities/PowerUp.ts:261
1047;CONDITIONAL;CONDITIONAL;99_OTHER_OR_UNKNOWN;+1 ELÄMÄ!;src/entities/PowerUp.ts:262;src/entities/PowerUp.ts:262
1048;CONDITIONAL;CONDITIONAL;99_OTHER_OR_UNKNOWN;GREAT location!;src/entities/RealEstateAgent.ts:27;src/entities/RealEstateAgent.ts:27
1049;CONDITIONAL;CONDITIONAL;99_OTHER_OR_UNKNOWN;Just 1.2M euros!;src/entities/RealEstateAgent.ts:28;src/entities/RealEstateAgent.ts:28
1050;CONDITIONAL;CONDITIONAL;99_OTHER_OR_UNKNOWN;Sea view potential!;src/entities/RealEstateAgent.ts:29;src/entities/RealEstateAgent.ts:29
1051;CONDITIONAL;CONDITIONAL;99_OTHER_OR_UNKNOWN;Investors LOVE it!;src/entities/RealEstateAgent.ts:30;src/entities/RealEstateAgent.ts:30
1052;CONDITIONAL;CONDITIONAL;99_OTHER_OR_UNKNOWN;Price is negotiable!;src/entities/RealEstateAgent.ts:31;src/entities/RealEstateAgent.ts:31
1053;CONDITIONAL;CONDITIONAL;99_OTHER_OR_UNKNOWN;Have you tried yoga?;src/entities/WellnessWarrior.ts:31;src/entities/WellnessWarrior.ts:31
1054;CONDITIONAL;CONDITIONAL;99_OTHER_OR_UNKNOWN;Your energy is so blocked!;src/entities/WellnessWarrior.ts:32;src/entities/WellnessWarrior.ts:32
1055;CONDITIONAL;CONDITIONAL;99_OTHER_OR_UNKNOWN;I only eat organic snow;src/entities/WellnessWarrior.ts:33;src/entities/WellnessWarrior.ts:33
1056;CONDITIONAL;CONDITIONAL;99_OTHER_OR_UNKNOWN;Namaste your way out;src/entities/WellnessWarrior.ts:34;src/entities/WellnessWarrior.ts:34
1057;CONDITIONAL;CONDITIONAL;99_OTHER_OR_UNKNOWN;My chakras are aligned;src/entities/WellnessWarrior.ts:35;src/entities/WellnessWarrior.ts:35
1058;CONDITIONAL;CONDITIONAL;99_OTHER_OR_UNKNOWN;This trail needs sage;src/entities/WellnessWarrior.ts:36;src/entities/WellnessWarrior.ts:36
1059;CONDITIONAL;CONDITIONAL;99_OTHER_OR_UNKNOWN;failed to start the audio device;src/main.ts:109;src/main.ts:109
1060;CONDITIONAL;CONDITIONAL;99_OTHER_OR_UNKNOWN;WebGL context lost - iOS background detected;src/main.ts:460;src/main.ts:460
1061;CONDITIONAL;CONDITIONAL;99_OTHER_OR_UNKNOWN;WebGL context restored;src/main.ts:464;src/main.ts:464
1062;CONDITIONAL;CONDITIONAL;99_OTHER_OR_UNKNOWN;AuthManager initialized in OFFLINE mode, profile:;src/managers/AuthManager.ts:54;src/managers/AuthManager.ts:54
1063;CONDITIONAL;CONDITIONAL;99_OTHER_OR_UNKNOWN;Auth state changed:;src/managers/AuthManager.ts:74;src/managers/AuthManager.ts:74
1064;CONDITIONAL;CONDITIONAL;99_OTHER_OR_UNKNOWN;AuthManager initialized, profile:;src/managers/AuthManager.ts:87;src/managers/AuthManager.ts:87
1065;CONDITIONAL;CONDITIONAL;99_OTHER_OR_UNKNOWN;AuthManager initialization failed:;src/managers/AuthManager.ts:89;src/managers/AuthManager.ts:89
1066;CONDITIONAL;CONDITIONAL;99_OTHER_OR_UNKNOWN;Not initialized;src/managers/AuthManager.ts:102;src/managers/AuthManager.ts:102 | src/managers/AuthManager.ts:133 | src/managers/AuthManager.ts:160
1067;CONDITIONAL;CONDITIONAL;99_OTHER_OR_UNKNOWN;Unknown error;src/managers/AuthManager.ts:125;src/managers/AuthManager.ts:125 | src/managers/AuthManager.ts:152
1068;CONDITIONAL;CONDITIONAL;99_OTHER_OR_UNKNOWN;Error creating profile:;src/managers/AuthManager.ts:226;src/managers/AuthManager.ts:226
1069;CONDITIONAL;CONDITIONAL;99_OTHER_OR_UNKNOWN;Error loading profile:;src/managers/AuthManager.ts:271;src/managers/AuthManager.ts:271
1070;CONDITIONAL;CONDITIONAL;99_OTHER_OR_UNKNOWN;VIERAS;src/managers/AuthManager.ts:289;src/managers/AuthManager.ts:289 | src/managers/AuthManager.ts:397
1071;CONDITIONAL;CONDITIONAL;99_OTHER_OR_UNKNOWN;Error updating stats:;src/managers/AuthManager.ts:344;src/managers/AuthManager.ts:344
1072;CONDITIONAL;CONDITIONAL;99_OTHER_OR_UNKNOWN;Error adding badge:;src/managers/AuthManager.ts:366;src/managers/AuthManager.ts:366
1073;CONDITIONAL;CONDITIONAL;99_OTHER_OR_UNKNOWN;Error notifying auth listener:;src/managers/AuthManager.ts:425;src/managers/AuthManager.ts:425
1074;CONDITIONAL;CONDITIONAL;99_OTHER_OR_UNKNOWN;Espoolaisten kauhu;src/managers/DailyChallengeManager.ts:67;src/managers/DailyChallengeManager.ts:67 | src/managers/TournamentManager.ts:207
1075;CONDITIONAL;CONDITIONAL;99_OTHER_OR_UNKNOWN;Kaada {target} espoolaista ladulta;src/managers/DailyChallengeManager.ts:68;src/managers/DailyChallengeManager.ts:68
1076;CONDITIONAL;CONDITIONAL;99_OTHER_OR_UNKNOWN;Pitkän matkan hiihtäjä;src/managers/DailyChallengeManager.ts:74;src/managers/DailyChallengeManager.ts:74
1077;CONDITIONAL;CONDITIONAL;99_OTHER_OR_UNKNOWN;Hiihdä {target} metriä;src/managers/DailyChallengeManager.ts:75;src/managers/DailyChallengeManager.ts:75
1078;CONDITIONAL;CONDITIONAL;99_OTHER_OR_UNKNOWN;Pisteiden kerääjä;src/managers/DailyChallengeManager.ts:81;src/managers/DailyChallengeManager.ts:81
1079;CONDITIONAL;CONDITIONAL;99_OTHER_OR_UNKNOWN;Kerää {target} pistettä yhdessä pelissä;src/managers/DailyChallengeManager.ts:82;src/managers/DailyChallengeManager.ts:82
1080;CONDITIONAL;CONDITIONAL;99_OTHER_OR_UNKNOWN;Tasojen valloittaja;src/managers/DailyChallengeManager.ts:88;src/managers/DailyChallengeManager.ts:88
1081;CONDITIONAL;CONDITIONAL;99_OTHER_OR_UNKNOWN;Läpäise {target} tasoa;src/managers/DailyChallengeManager.ts:89;src/managers/DailyChallengeManager.ts:89
1082;CONDITIONAL;CONDITIONAL;99_OTHER_OR_UNKNOWN;Suorita {target} stomppia;src/managers/DailyChallengeManager.ts:96;src/managers/DailyChallengeManager.ts:96
1083;CONDITIONAL;CONDITIONAL;99_OTHER_OR_UNKNOWN;Täydellinen laskeutuja;src/managers/DailyChallengeManager.ts:102;src/managers/DailyChallengeManager.ts:102
1084;CONDITIONAL;CONDITIONAL;99_OTHER_OR_UNKNOWN;Tee {target} täydellistä laskua;src/managers/DailyChallengeManager.ts:103;src/managers/DailyChallengeManager.ts:103
1085;CONDITIONAL;CONDITIONAL;99_OTHER_OR_UNKNOWN;Läpäise taso ottamatta vahinkoa;src/managers/DailyChallengeManager.ts:110;src/managers/DailyChallengeManager.ts:110
1086;CONDITIONAL;CONDITIONAL;99_OTHER_OR_UNKNOWN;Pikahiihtäjä;src/managers/DailyChallengeManager.ts:116;src/managers/DailyChallengeManager.ts:116
1087;CONDITIONAL;CONDITIONAL;99_OTHER_OR_UNKNOWN;Läpäise taso alle {target} sekunnissa;src/managers/DailyChallengeManager.ts:117;src/managers/DailyChallengeManager.ts:117
1088;CONDITIONAL;CONDITIONAL;99_OTHER_OR_UNKNOWN;DailyChallengeManager initialized in OFFLINE mode, challenges:;src/managers/DailyChallengeManager.ts:134;src/managers/DailyChallengeManager.ts:134
1089;CONDITIONAL;CONDITIONAL;99_OTHER_OR_UNKNOWN;DailyChallengeManager initialized, challenges:;src/managers/DailyChallengeManager.ts:144;src/managers/DailyChallengeManager.ts:144
1090;CONDITIONAL;CONDITIONAL;99_OTHER_OR_UNKNOWN;DailyChallengeManager initialization failed, using local mode:;src/managers/DailyChallengeManager.ts:146;src/managers/DailyChallengeManager.ts:146
1091;CONDITIONAL;CONDITIONAL;99_OTHER_OR_UNKNOWN;Challenges table not available, using local mode:;src/managers/DailyChallengeManager.ts:170;src/managers/DailyChallengeManager.ts:170
1092;CONDITIONAL;CONDITIONAL;99_OTHER_OR_UNKNOWN;Error loading challenges, using local mode:;src/managers/DailyChallengeManager.ts:208;src/managers/DailyChallengeManager.ts:208
1093;CONDITIONAL;CONDITIONAL;99_OTHER_OR_UNKNOWN;{target};src/managers/DailyChallengeManager.ts:241;src/managers/DailyChallengeManager.ts:241
1094;CONDITIONAL;CONDITIONAL;99_OTHER_OR_UNKNOWN;Error saving challenges:;src/managers/DailyChallengeManager.ts:298;src/managers/DailyChallengeManager.ts:298
1095;CONDITIONAL;CONDITIONAL;99_OTHER_OR_UNKNOWN;Error loading local challenges:;src/managers/DailyChallengeManager.ts:326;src/managers/DailyChallengeManager.ts:326
1096;CONDITIONAL;CONDITIONAL;99_OTHER_OR_UNKNOWN;Challenge progress table not available:;src/managers/DailyChallengeManager.ts:348;src/managers/DailyChallengeManager.ts:348
1097;CONDITIONAL;CONDITIONAL;99_OTHER_OR_UNKNOWN;Error loading player progress, using local:;src/managers/DailyChallengeManager.ts:381;src/managers/DailyChallengeManager.ts:381
1098;CONDITIONAL;CONDITIONAL;99_OTHER_OR_UNKNOWN;Error loading local progress:;src/managers/DailyChallengeManager.ts:412;src/managers/DailyChallengeManager.ts:412
1099;CONDITIONAL;CONDITIONAL;99_OTHER_OR_UNKNOWN;Error saving local progress:;src/managers/DailyChallengeManager.ts:429;src/managers/DailyChallengeManager.ts:429
1100;CONDITIONAL;CONDITIONAL;99_OTHER_OR_UNKNOWN;Challenge completed: ${...}!;src/managers/DailyChallengeManager.ts:466;src/managers/DailyChallengeManager.ts:466
1101;CONDITIONAL;CONDITIONAL;99_OTHER_OR_UNKNOWN;Error notifying challenge listener:;src/managers/DailyChallengeManager.ts:578;src/managers/DailyChallengeManager.ts:578
1102;CONDITIONAL;CONDITIONAL;99_OTHER_OR_UNKNOWN;LeaderboardManager initialized in OFFLINE mode;src/managers/LeaderboardManager.ts:53;src/managers/LeaderboardManager.ts:53
1103;CONDITIONAL;CONDITIONAL;99_OTHER_OR_UNKNOWN;Supabase connection failed, using localStorage:;src/managers/LeaderboardManager.ts:68;src/managers/LeaderboardManager.ts:68
1104;CONDITIONAL;CONDITIONAL;99_OTHER_OR_UNKNOWN;Supabase connected, leaderboard loaded:;src/managers/LeaderboardManager.ts:74;src/managers/LeaderboardManager.ts:74
1105;CONDITIONAL;CONDITIONAL;99_OTHER_OR_UNKNOWN;Supabase initialization failed, using localStorage:;src/managers/LeaderboardManager.ts:80;src/managers/LeaderboardManager.ts:80
1106;CONDITIONAL;CONDITIONAL;99_OTHER_OR_UNKNOWN;Leaderboard update received:;src/managers/LeaderboardManager.ts:100;src/managers/LeaderboardManager.ts:100
1107;CONDITIONAL;CONDITIONAL;99_OTHER_OR_UNKNOWN;Error refreshing leaderboard:;src/managers/LeaderboardManager.ts:131;src/managers/LeaderboardManager.ts:131
1108;CONDITIONAL;CONDITIONAL;99_OTHER_OR_UNKNOWN;Error notifying leaderboard listener:;src/managers/LeaderboardManager.ts:152;src/managers/LeaderboardManager.ts:152
1109;CONDITIONAL;CONDITIONAL;99_OTHER_OR_UNKNOWN;Error loading local leaderboard:;src/managers/LeaderboardManager.ts:179;src/managers/LeaderboardManager.ts:179
1110;CONDITIONAL;CONDITIONAL;99_OTHER_OR_UNKNOWN;Error saving local leaderboard:;src/managers/LeaderboardManager.ts:189;src/managers/LeaderboardManager.ts:189
1111;CONDITIONAL;CONDITIONAL;99_OTHER_OR_UNKNOWN;Player name is required;src/managers/LeaderboardManager.ts:197;src/managers/LeaderboardManager.ts:197
1112;CONDITIONAL;CONDITIONAL;99_OTHER_OR_UNKNOWN;Name must be at least ${...} characters;src/managers/LeaderboardManager.ts:202;src/managers/LeaderboardManager.ts:202
1113;CONDITIONAL;CONDITIONAL;99_OTHER_OR_UNKNOWN;Name must be at most ${...} characters;src/managers/LeaderboardManager.ts:206;src/managers/LeaderboardManager.ts:206
1114;CONDITIONAL;CONDITIONAL;99_OTHER_OR_UNKNOWN;Name contains inappropriate content;src/managers/LeaderboardManager.ts:213;src/managers/LeaderboardManager.ts:213
1115;CONDITIONAL;CONDITIONAL;99_OTHER_OR_UNKNOWN;Invalid score;src/managers/LeaderboardManager.ts:219;src/managers/LeaderboardManager.ts:219
1116;CONDITIONAL;CONDITIONAL;99_OTHER_OR_UNKNOWN;Score too low (minimum ${...});src/managers/LeaderboardManager.ts:223;src/managers/LeaderboardManager.ts:223
1117;CONDITIONAL;CONDITIONAL;99_OTHER_OR_UNKNOWN;Score suspiciously high;src/managers/LeaderboardManager.ts:227;src/managers/LeaderboardManager.ts:227
1118;CONDITIONAL;CONDITIONAL;99_OTHER_OR_UNKNOWN;Invalid distance;src/managers/LeaderboardManager.ts:232;src/managers/LeaderboardManager.ts:232
1119;CONDITIONAL;CONDITIONAL;99_OTHER_OR_UNKNOWN;Invalid enemies defeated count;src/managers/LeaderboardManager.ts:236;src/managers/LeaderboardManager.ts:236
1120;CONDITIONAL;CONDITIONAL;99_OTHER_OR_UNKNOWN;Invalid levels completed count;src/managers/LeaderboardManager.ts:241;src/managers/LeaderboardManager.ts:241
1121;CONDITIONAL;CONDITIONAL;99_OTHER_OR_UNKNOWN;Score inconsistent with game stats;src/managers/LeaderboardManager.ts:247;src/managers/LeaderboardManager.ts:247
1122;CONDITIONAL;CONDITIONAL;99_OTHER_OR_UNKNOWN;Score exceeds plausible maximum for game stats;src/managers/LeaderboardManager.ts:260;src/managers/LeaderboardManager.ts:260
1123;CONDITIONAL;CONDITIONAL;99_OTHER_OR_UNKNOWN;Distance per level exceeds plausible maximum;src/managers/LeaderboardManager.ts:267;src/managers/LeaderboardManager.ts:267
1124;CONDITIONAL;CONDITIONAL;99_OTHER_OR_UNKNOWN;Enemy defeat rate exceeds plausible maximum;src/managers/LeaderboardManager.ts:273;src/managers/LeaderboardManager.ts:273
1125;CONDITIONAL;CONDITIONAL;99_OTHER_OR_UNKNOWN;Too many submissions. Please wait ${...} minutes.;src/managers/LeaderboardManager.ts:296;src/managers/LeaderboardManager.ts:296
1126;CONDITIONAL;CONDITIONAL;99_OTHER_OR_UNKNOWN;Error saving to Supabase:;src/managers/LeaderboardManager.ts:346;src/managers/LeaderboardManager.ts:346 | src/managers/LeaderboardManager.ts:354
1127;CONDITIONAL;CONDITIONAL;99_OTHER_OR_UNKNOWN;Score saved to Supabase:;src/managers/LeaderboardManager.ts:349;src/managers/LeaderboardManager.ts:349
1128;CONDITIONAL;CONDITIONAL;99_OTHER_OR_UNKNOWN;TournamentManager initialized in OFFLINE mode, tournament:;src/managers/TournamentManager.ts:64;src/managers/TournamentManager.ts:64
1129;CONDITIONAL;CONDITIONAL;99_OTHER_OR_UNKNOWN;TournamentManager initialized, tournament:;src/managers/TournamentManager.ts:74;src/managers/TournamentManager.ts:74
1130;CONDITIONAL;CONDITIONAL;99_OTHER_OR_UNKNOWN;TournamentManager initialization failed, using local mode:;src/managers/TournamentManager.ts:76;src/managers/TournamentManager.ts:76
1131;CONDITIONAL;CONDITIONAL;99_OTHER_OR_UNKNOWN;Tournaments table not available, using local mode:;src/managers/TournamentManager.ts:103;src/managers/TournamentManager.ts:103
1132;CONDITIONAL;CONDITIONAL;99_OTHER_OR_UNKNOWN;Tournament query error, using local mode;src/managers/TournamentManager.ts:122;src/managers/TournamentManager.ts:122
1133;CONDITIONAL;CONDITIONAL;99_OTHER_OR_UNKNOWN;Error loading tournament, using local mode:;src/managers/TournamentManager.ts:152;src/managers/TournamentManager.ts:152
1134;CONDITIONAL;CONDITIONAL;99_OTHER_OR_UNKNOWN;Viikon paras hiihtäjä!;src/managers/TournamentManager.ts:205;src/managers/TournamentManager.ts:205
1135;CONDITIONAL;CONDITIONAL;99_OTHER_OR_UNKNOWN;Kuka kerää eniten pisteitä?;src/managers/TournamentManager.ts:206;src/managers/TournamentManager.ts:206
1136;CONDITIONAL;CONDITIONAL;99_OTHER_OR_UNKNOWN;Kaada eniten espoolaisia!;src/managers/TournamentManager.ts:207;src/managers/TournamentManager.ts:207
1137;CONDITIONAL;CONDITIONAL;99_OTHER_OR_UNKNOWN;Hiihdä pisimmälle!;src/managers/TournamentManager.ts:208;src/managers/TournamentManager.ts:208
1138;CONDITIONAL;CONDITIONAL;99_OTHER_OR_UNKNOWN;Laturaivo Cup;src/managers/TournamentManager.ts:209;src/managers/TournamentManager.ts:209
1139;CONDITIONAL;CONDITIONAL;99_OTHER_OR_UNKNOWN;Viikottainen mestaruuskisa!;src/managers/TournamentManager.ts:209;src/managers/TournamentManager.ts:209
1140;CONDITIONAL;CONDITIONAL;99_OTHER_OR_UNKNOWN;week_${...}_${...};src/managers/TournamentManager.ts:215;src/managers/TournamentManager.ts:215
1141;CONDITIONAL;CONDITIONAL;99_OTHER_OR_UNKNOWN;${...} - Viikko ${...};src/managers/TournamentManager.ts:216;src/managers/TournamentManager.ts:216
1142;CONDITIONAL;CONDITIONAL;99_OTHER_OR_UNKNOWN;🥇 1. sija: Kultainen hiihtolegenda -badge\n🥈 2. sija: Hopea-badge\n🥉 3. sija: Pronssi-badge;src/managers/TournamentManager.ts:222;src/managers/TournamentManager.ts:222
1143;CONDITIONAL;CONDITIONAL;99_OTHER_OR_UNKNOWN;Error saving tournament:;src/managers/TournamentManager.ts:252;src/managers/TournamentManager.ts:252
1144;CONDITIONAL;CONDITIONAL;99_OTHER_OR_UNKNOWN;Tournament entries table not available:;src/managers/TournamentManager.ts:273;src/managers/TournamentManager.ts:273
1145;CONDITIONAL;CONDITIONAL;99_OTHER_OR_UNKNOWN;Error loading tournament entries, using local:;src/managers/TournamentManager.ts:306;src/managers/TournamentManager.ts:306
1146;CONDITIONAL;CONDITIONAL;99_OTHER_OR_UNKNOWN;Error loading local tournament:;src/managers/TournamentManager.ts:339;src/managers/TournamentManager.ts:339
1147;CONDITIONAL;CONDITIONAL;99_OTHER_OR_UNKNOWN;Error loading local entries:;src/managers/TournamentManager.ts:357;src/managers/TournamentManager.ts:357
1148;CONDITIONAL;CONDITIONAL;99_OTHER_OR_UNKNOWN;Tournament update received:;src/managers/TournamentManager.ts:376;src/managers/TournamentManager.ts:376
1149;CONDITIONAL;CONDITIONAL;99_OTHER_OR_UNKNOWN;Error submitting tournament score:;src/managers/TournamentManager.ts:453;src/managers/TournamentManager.ts:453
1150;CONDITIONAL;CONDITIONAL;99_OTHER_OR_UNKNOWN;Error notifying tournament listener:;src/managers/TournamentManager.ts:564;src/managers/TournamentManager.ts:564
1151;NO;NOT_USED_NOW_TEST_ONLY;99_OTHER_OR_UNKNOWN;Wait until condition timed out after ${...} frames;src/test/helpers/phaser.ts:73;src/test/helpers/phaser.ts:73
1152;NO;NOT_USED_NOW_TEST_ONLY;99_OTHER_OR_UNKNOWN;GameScene (HEADLESS);src/test/scenes/GameScene.test.ts:24;src/test/scenes/GameScene.test.ts:24
1153;NO;NOT_USED_NOW_TEST_ONLY;99_OTHER_OR_UNKNOWN;boots and runs at least a few frames without errors;src/test/scenes/GameScene.test.ts:25;src/test/scenes/GameScene.test.ts:25
